user_id,profile,study_hours,focus_score,completed_videos,breaks,active_days,streak_length,consistency_index,learning_efficiency,productivity_score,focus_trend,burnout_risk,completion_status,efficiency_ratio,break_overload,engagement_score,positive_momentum
STU_0001,consistent,3.11,78.2,41,2.8,20,9,75.4,24.32,54.2,-2.84,0,1,24.361370716510905,0,62.44285714285714,0
STU_0002,consistent,3.19,78.1,34,0.9,21,12,91.7,24.93,55.2,3.37,0,1,23.738601823708205,0,61.05714285714286,1
STU_0003,struggling,1.08,51.4,17,4.0,9,1,22.7,5.55,29.4,-4.69,1,0,43.5593220338983,0,23.67142857142857,0
STU_0004,struggling,1.65,16.5,4,5.3,10,1,43.9,2.71,20.4,-8.44,1,0,9.428571428571429,1,14.271428571428572,0
STU_0005,overachiever,5.42,81.8,43,1.3,29,27,94.9,44.38,77.2,-0.52,0,1,14.818840579710146,0,92.32857142857142,0
STU_0006,overachiever,5.29,95.7,46,1.0,26,27,97.9,50.66,80.5,3.08,1,1,17.75510204081633,0,91.72857142857143,1
STU_0007,overachiever,7.7,90.4,50,0.7,27,18,90.0,69.55,90.1,1.34,1,1,11.589743589743591,0,86.28571428571429,1
STU_0008,struggling,0.95,48.9,13,4.4,14,2,41.0,4.64,33.1,0.12,1,0,46.57142857142857,0,26.542857142857144,1
STU_0009,overachiever,5.94,85.7,45,0.5,28,24,93.5,50.9,75.6,0.81,0,1,14.188741721854305,0,89.71428571428571,1
STU_0010,consistent,3.87,79.0,50,2.1,21,5,82.1,30.6,63.4,5.18,0,1,19.8992443324937,0,66.35714285714286,1
STU_0011,consistent,4.38,72.4,36,1.7,21,15,82.7,31.73,57.3,2.67,0,1,16.16071428571429,0,65.87142857142857,1
STU_0012,struggling,2.48,23.2,19,8.0,7,2,23.1,5.75,21.3,-8.65,1,0,8.992248062015504,1,24.34285714285714,0
STU_0013,struggling,1.88,29.0,19,4.8,6,1,30.3,5.44,28.0,-0.87,1,0,14.646464646464647,0,22.271428571428572,0
STU_0014,struggling,0.5,42.2,17,6.2,4,2,20.2,2.11,24.4,-3.25,1,0,70.33333333333334,1,19.742857142857144,0
STU_0015,struggling,1.66,50.2,16,3.2,15,3,47.6,8.32,31.4,-6.25,1,0,28.522727272727273,0,31.014285714285716,0
STU_0016,struggling,2.17,45.0,21,7.8,6,0,32.1,9.77,29.0,-4.23,1,0,19.823788546255507,1,22.8,0
STU_0017,overachiever,7.47,91.8,50,1.2,27,20,85.0,68.53,88.5,-1.21,0,1,12.126816380449142,0,88.42857142857143,0
STU_0018,overachiever,6.4,93.2,45,1.6,27,20,97.2,59.64,79.8,2.52,1,1,14.338461538461539,0,84.42857142857143,1
STU_0019,struggling,1.66,30.3,23,5.1,14,0,45.5,5.03,34.8,-1.28,1,0,17.21590909090909,1,32.400000000000006,0
STU_0020,overachiever,6.91,100.0,48,1.8,29,22,96.8,69.12,90.8,2.5,0,1,14.265335235378032,0,90.97142857142856,1
STU_0021,consistent,5.85,56.3,44,0.7,25,12,76.2,32.96,55.8,2.85,0,1,9.46218487394958,0,73.05714285714285,1
STU_0022,struggling,3.17,62.1,25,6.2,11,3,35.2,19.71,41.4,-5.33,1,0,18.990825688073397,1,34.214285714285715,0
STU_0023,consistent,4.4,83.7,32,1.7,20,19,76.2,36.84,68.3,1.22,0,1,18.6,0,65.95714285714286,1
STU_0024,overachiever,6.8,99.6,43,2.1,25,23,88.3,67.72,94.1,-7.72,0,1,14.434782608695652,0,84.04285714285714,0
STU_0025,consistent,2.4,62.0,49,3.1,20,12,79.0,14.9,61.9,6.21,0,1,24.8,0,72.05714285714285,1
STU_0026,consistent,4.16,69.0,40,1.7,23,18,80.9,28.7,54.2,11.4,0,1,16.19718309859155,0,74.28571428571429,1
STU_0027,overachiever,6.85,87.2,45,1.3,27,21,96.4,59.77,79.8,4.7,1,1,12.54676258992806,0,85.5,1
STU_0028,struggling,1.06,50.5,19,3.9,5,0,13.5,5.35,33.0,0.66,1,0,43.53448275862068,0,20.2,1
STU_0029,overachiever,7.54,88.1,49,1.0,27,24,93.6,66.5,87.1,-3.38,1,1,11.531413612565444,0,91.91428571428571,0
STU_0030,consistent,4.93,82.9,43,2.5,19,12,79.9,40.85,65.5,7.93,0,1,16.481113320079526,0,66.25714285714285,1
STU_0031,consistent,4.49,88.6,37,2.2,24,16,84.5,39.78,67.9,3.01,0,1,19.302832244008712,0,70.74285714285715,1
STU_0032,consistent,4.25,89.8,45,1.9,18,11,79.8,38.13,67.4,5.97,0,1,20.643678160919542,0,65.78571428571428,1
STU_0033,struggling,1.84,41.1,3,3.7,11,2,30.9,7.58,34.9,-2.58,1,0,21.185567010309278,0,15.542857142857143,0
STU_0034,struggling,2.52,51.5,32,3.8,10,5,45.5,12.96,35.7,-6.52,1,0,19.65648854961832,0,40.957142857142856,0
STU_0035,struggling,2.22,18.3,2,5.5,13,3,41.9,4.06,32.0,-1.9,1,0,7.887931034482758,1,17.814285714285713,0
STU_0036,overachiever,7.44,84.7,41,1.9,30,17,91.4,63.06,78.9,2.78,0,1,11.23342175066313,0,81.0142857142857,1
STU_0037,overachiever,6.5,88.3,45,1.5,27,24,86.7,57.45,81.3,5.18,0,1,13.378787878787879,0,88.71428571428571,1
STU_0038,consistent,4.27,67.5,49,2.1,22,20,89.4,28.8,70.7,4.25,0,1,15.44622425629291,0,82.62857142857143,1
STU_0039,consistent,5.19,83.8,37,1.7,26,15,66.2,43.49,66.8,5.6,0,1,15.841209829867674,0,71.67142857142858,1
STU_0040,overachiever,7.8,78.3,41,1.2,27,15,93.9,61.13,80.9,1.63,1,1,9.91139240506329,0,75.87142857142857,1
STU_0041,consistent,4.29,65.6,36,1.2,24,8,79.5,28.16,61.8,3.41,0,1,14.943052391799544,0,61.37142857142857,1
STU_0042,consistent,2.85,73.1,40,0.2,22,14,79.2,20.85,62.5,7.55,0,1,24.77966101694915,0,69.0,1
STU_0043,struggling,1.13,33.1,12,2.0,15,4,16.8,3.73,19.9,-2.27,1,0,26.91056910569106,0,28.885714285714286,0
STU_0044,struggling,0.82,41.0,27,2.0,6,1,25.3,3.36,24.5,-7.18,1,0,44.56521739130435,0,28.671428571428574,0
STU_0045,consistent,5.35,83.8,39,3.2,19,18,80.6,44.84,73.7,1.89,0,1,15.376146788990827,0,69.4857142857143,1
STU_0046,consistent,5.12,61.9,28,2.8,22,10,80.2,31.67,60.1,3.63,0,1,11.85823754789272,0,55.114285714285714,1
STU_0047,consistent,3.53,66.4,40,1.3,21,11,82.2,23.4,52.5,3.27,0,1,18.29201101928375,0,64.78571428571428,1
STU_0048,consistent,4.42,77.1,50,3.3,19,9,87.5,34.09,61.0,5.84,0,0,17.057522123893804,0,68.64285714285714,1
STU_0049,consistent,4.21,66.0,43,0.7,18,9,79.5,27.75,59.3,2.42,0,1,15.313225058004642,0,62.042857142857144,1
STU_0050,consistent,3.52,82.6,46,2.6,29,5,74.2,29.06,56.8,5.51,0,1,22.817679558011047,0,71.15714285714286,1
STU_0051,consistent,4.07,73.4,47,2.2,20,10,82.7,29.89,60.0,6.18,0,1,17.60191846522782,0,68.31428571428572,1
STU_0052,struggling,0.5,44.3,12,6.4,15,0,32.0,2.22,15.0,-0.85,1,0,73.83333333333333,1,24.6,0
STU_0053,struggling,1.73,37.4,21,2.0,13,0,37.8,6.46,35.1,-2.98,1,0,20.437158469945352,0,29.8,0
STU_0054,struggling,2.18,41.0,11,5.6,6,4,21.9,8.92,31.5,-5.04,1,0,17.982456140350877,1,19.085714285714285,0
STU_0055,overachiever,6.28,81.1,45,1.4,26,27,95.8,50.99,83.5,-2.9,1,1,12.711598746081505,0,90.92857142857143,0
STU_0056,consistent,2.58,90.0,43,2.0,18,21,82.2,23.18,63.4,5.33,0,1,33.582089552238806,0,74.9,1
STU_0057,struggling,1.65,45.3,17,3.3,17,2,18.9,7.48,29.0,-4.27,1,0,25.885714285714283,0,32.74285714285715,0
STU_0058,consistent,4.04,85.9,29,3.2,20,7,78.7,34.76,58.0,7.47,0,1,20.748792270531403,0,50.7,1
STU_0059,consistent,5.02,66.8,30,1.8,21,11,71.0,33.52,54.4,7.41,0,1,13.046875000000002,0,56.785714285714285,1
STU_0060,consistent,5.48,86.3,38,1.1,22,12,100.0,47.27,76.3,5.59,0,1,15.46594982078853,0,65.25714285714285,1
STU_0061,consistent,6.06,63.9,48,0.0,18,7,63.4,38.72,63.5,5.87,0,1,10.373376623376624,0,63.9,1
STU_0062,overachiever,5.37,82.6,43,2.1,30,26,96.7,44.37,68.2,2.3,0,1,15.10054844606947,0,92.25714285714285,1
STU_0063,consistent,3.02,82.1,38,1.7,23,10,85.7,24.82,67.9,1.76,0,1,26.314102564102562,0,64.11428571428571,1
STU_0064,consistent,2.66,92.6,32,1.3,16,15,90.5,24.68,58.8,8.74,0,1,33.55072463768116,0,57.67142857142857,1
STU_0065,struggling,1.65,38.8,10,5.6,14,2,34.5,6.4,29.8,-5.09,1,0,22.17142857142857,1,24.142857142857142,0
STU_0066,consistent,5.72,81.7,36,1.7,22,5,69.7,46.78,72.3,11.02,0,1,14.037800687285225,0,56.15714285714286,1
STU_0067,overachiever,6.7,94.9,50,1.7,25,21,82.8,63.61,81.5,0.96,0,1,13.955882352941178,0,87.5,1
STU_0068,struggling,1.07,23.1,7,3.0,14,0,23.3,2.48,31.4,-2.52,1,0,19.74358974358974,0,19.6,0
STU_0069,struggling,1.93,21.8,14,4.0,13,1,14.7,4.19,20.6,-3.46,1,0,10.738916256157637,0,25.271428571428572,0
STU_0070,struggling,1.06,61.7,20,4.2,13,2,42.6,6.55,29.6,-6.18,1,0,53.18965517241379,0,31.142857142857142,0
STU_0071,overachiever,5.44,86.4,50,1.3,29,29,96.1,47.05,80.9,1.79,1,1,15.595667870036102,0,100.0,1
STU_0072,consistent,4.65,76.3,42,1.8,21,10,89.0,35.53,71.4,0.78,0,1,16.063157894736843,0,65.31428571428572,1
STU_0073,consistent,4.18,70.2,47,1.3,20,17,78.5,29.33,61.5,8.1,0,1,16.401869158878508,0,75.8142857142857,1
STU_0074,overachiever,5.42,92.1,49,1.2,26,21,98.1,49.92,65.7,0.66,1,1,16.684782608695652,0,87.7,1
STU_0075,struggling,0.89,49.5,12,3.8,5,0,22.9,4.4,21.9,-7.21,1,0,50.0,0,14.6,0
STU_0076,overachiever,7.29,86.5,46,1.5,28,24,86.4,63.04,83.5,-2.71,1,1,11.705006765899865,0,90.51428571428572,0
STU_0077,consistent,3.5,69.4,36,3.0,20,8,91.4,24.32,62.4,3.34,0,1,19.27777777777778,0,57.37142857142857,1
STU_0078,consistent,5.89,84.4,34,2.1,23,14,77.1,49.66,78.1,2.45,0,1,14.090150250417365,0,65.2,1
STU_0079,struggling,0.53,31.2,14,7.7,10,1,28.8,1.67,26.3,3.58,1,0,49.523809523809526,1,22.271428571428572,1
STU_0080,overachiever,7.56,80.1,42,1.4,28,27,93.2,60.53,83.0,4.46,1,1,10.45691906005222,0,90.52857142857144,1
STU_0081,struggling,2.21,58.4,9,5.7,6,0,30.6,12.88,40.8,-2.75,1,0,25.28138528138528,1,13.2,0
STU_0082,struggling,1.63,40.6,4,6.1,18,1,42.7,6.63,32.4,-3.25,1,0,23.46820809248555,1,22.271428571428572,0
STU_0083,overachiever,7.47,77.9,47,1.4,27,22,91.1,58.18,80.1,5.59,1,1,10.290620871862616,0,88.17142857142856,1
STU_0084,consistent,4.29,69.7,39,0.4,25,5,85.9,29.94,60.2,1.31,0,1,15.876993166287019,0,61.557142857142864,1
STU_0085,overachiever,5.68,93.0,47,0.9,29,26,85.6,52.83,76.5,-1.68,0,1,16.089965397923876,0,94.45714285714286,0
STU_0086,consistent,3.96,77.4,38,2.3,26,11,70.0,30.69,66.4,6.03,0,1,19.064039408867,0,68.18571428571428,1
STU_0087,overachiever,6.87,92.3,44,1.4,28,19,98.2,63.36,83.8,-0.03,0,1,13.242467718794835,0,83.55714285714286,0
STU_0088,consistent,3.41,74.9,30,2.5,24,10,74.9,25.51,58.4,4.48,0,1,21.33903133903134,0,58.714285714285715,1
STU_0089,struggling,0.5,49.1,21,5.6,9,1,23.4,2.46,20.5,0.51,1,0,81.83333333333334,1,26.871428571428574,1
STU_0090,struggling,0.89,40.5,12,4.9,7,2,32.9,3.59,21.0,-1.03,1,0,40.90909090909091,0,18.74285714285714,0
STU_0091,consistent,5.12,84.2,40,1.5,23,15,85.6,43.13,74.5,8.15,0,1,16.13026819923372,0,71.07142857142857,1
STU_0092,consistent,4.09,84.5,38,3.1,28,10,83.2,34.57,67.8,1.91,0,1,20.167064439140812,0,69.11428571428571,1
STU_0093,overachiever,6.48,100.0,50,1.4,28,26,92.2,64.81,79.2,5.27,0,1,15.19756838905775,0,95.85714285714286,1
STU_0094,struggling,1.16,58.9,5,2.8,14,4,37.7,6.84,33.4,-0.76,1,0,46.74603174603175,0,22.285714285714285,0
STU_0095,overachiever,5.19,84.0,49,1.3,25,29,94.7,43.62,77.2,3.48,0,1,15.879017013232515,0,95.27142857142857,1
STU_0096,consistent,4.26,72.1,30,2.0,25,5,78.7,30.7,62.8,1.53,0,1,16.536697247706424,0,54.35714285714286,1
STU_0097,consistent,2.96,86.6,37,2.3,23,12,79.6,25.67,56.0,7.99,0,1,28.30065359477124,0,65.45714285714286,1
STU_0098,struggling,1.95,23.3,8,5.8,14,3,45.2,4.55,25.7,-2.91,1,0,11.365853658536587,1,23.614285714285714,0
STU_0099,overachiever,6.29,86.6,46,1.2,28,26,95.6,54.51,78.5,0.23,0,1,13.55242566510172,0,92.65714285714286,1
STU_0100,consistent,4.73,78.5,45,0.0,21,16,96.7,37.14,64.5,6.84,0,1,16.252587991718425,0,74.14285714285714,1
STU_0101,overachiever,6.72,83.4,50,1.1,26,23,94.7,56.09,89.2,2.6,1,1,12.228739002932553,0,90.64285714285714,1
STU_0102,consistent,4.16,79.5,33,2.5,26,8,71.3,33.05,64.2,8.02,0,1,18.661971830985916,0,60.971428571428575,1
STU_0103,overachiever,7.79,91.2,46,1.7,25,26,97.9,71.03,90.7,5.87,1,1,11.558935361216731,0,89.65714285714286,1
STU_0104,consistent,3.86,75.2,33,0.8,19,8,92.8,29.02,53.3,3.08,0,1,18.98989898989899,0,53.971428571428575,1
STU_0105,consistent,4.14,68.0,46,3.2,19,12,62.0,28.12,61.8,3.64,0,1,16.037735849056606,0,68.65714285714286,1
STU_0106,consistent,2.89,58.5,46,4.0,23,14,91.1,16.91,57.5,7.28,0,1,19.565217391304348,0,74.80000000000001,1
STU_0107,consistent,3.85,80.5,39,1.2,19,15,73.0,31.0,59.1,-0.74,0,1,20.379746835443036,0,66.27142857142857,0
STU_0108,struggling,0.81,51.3,7,4.7,6,2,41.6,4.14,25.4,-5.8,1,0,56.373626373626365,0,13.742857142857144,0
STU_0109,struggling,2.48,39.1,10,5.1,10,3,40.7,9.69,35.6,-4.85,1,0,15.155038759689923,1,21.214285714285715,0
STU_0110,consistent,2.88,92.5,32,1.4,24,10,74.3,26.62,69.6,2.98,0,1,31.040268456375838,0,60.31428571428572,1
STU_0111,struggling,3.06,25.1,19,3.9,11,3,30.8,7.68,36.5,-8.61,1,0,7.943037974683544,0,29.414285714285715,0
STU_0112,consistent,3.93,95.0,35,3.3,20,14,93.4,37.33,80.5,3.86,0,1,23.57320099255583,0,63.0,1
STU_0113,consistent,3.12,67.9,36,1.8,22,9,73.9,21.18,57.9,8.09,0,1,21.086956521739133,0,60.44285714285714,1
STU_0114,struggling,0.5,44.5,24,3.2,11,0,55.1,2.22,30.5,-2.33,1,0,74.16666666666667,0,30.2,0
STU_0115,consistent,3.21,81.3,34,2.1,21,17,92.7,26.07,57.8,3.4,0,1,24.5619335347432,0,66.41428571428571,1
STU_0116,consistent,4.97,76.4,50,2.3,21,12,81.5,37.98,66.0,7.12,0,1,15.069033530571994,0,73.85714285714286,1
STU_0117,consistent,3.14,66.1,35,1.8,24,8,80.7,20.78,47.1,11.47,0,0,20.40123456790123,0,60.57142857142857,1
STU_0118,struggling,1.5,50.1,15,4.9,8,2,46.0,7.49,36.8,-6.0,1,0,31.3125,0,22.142857142857142,0
STU_0119,consistent,3.05,71.5,33,3.1,22,11,80.4,21.8,57.9,12.39,0,1,22.6984126984127,0,60.18571428571428,1
STU_0120,overachiever,6.51,78.8,43,1.0,27,24,89.0,51.3,78.0,-3.41,1,1,11.921331316187596,0,87.11428571428571,0
STU_0121,struggling,0.84,38.3,5,5.9,14,1,53.4,3.22,36.8,-3.55,1,0,40.744680851063826,1,19.07142857142857,0
STU_0122,overachiever,6.05,85.1,45,0.8,26,24,93.5,51.49,73.3,3.31,1,1,13.83739837398374,0,87.71428571428571,1
STU_0123,consistent,4.4,95.0,33,1.8,24,9,79.0,41.8,65.5,8.62,0,1,21.11111111111111,0,60.042857142857144,1
STU_0124,struggling,1.1,15.0,10,5.6,10,1,17.3,1.64,16.7,-3.64,1,0,12.499999999999998,1,19.07142857142857,0
STU_0125,struggling,0.66,39.5,24,3.7,8,0,10.0,2.63,9.1,-3.15,1,0,51.973684210526315,0,27.2,0
STU_0126,overachiever,5.96,95.3,45,2.1,27,30,95.4,56.83,78.0,2.83,1,1,15.726072607260727,0,95.14285714285714,1
STU_0127,struggling,1.52,31.0,18,4.0,10,1,59.2,4.71,31.2,-8.04,1,0,19.1358024691358,0,25.471428571428568,0
STU_0128,consistent,4.54,86.6,37,1.7,19,8,82.3,39.34,73.7,6.82,0,1,18.663793103448278,0,57.17142857142857,1
STU_0129,consistent,3.74,72.5,47,2.4,28,9,83.6,27.13,65.3,5.17,0,1,18.880208333333332,0,75.24285714285713,1
STU_0130,struggling,2.02,47.1,8,5.5,9,1,41.7,9.53,28.9,-9.21,1,0,22.21698113207547,1,16.47142857142857,0
STU_0131,struggling,1.35,36.7,17,6.2,7,1,45.3,4.93,30.5,-4.75,1,0,25.310344827586206,1,21.67142857142857,0
STU_0132,overachiever,7.21,93.1,43,1.5,28,23,93.6,67.16,84.4,0.41,1,1,12.735978112175102,0,87.04285714285714,1
STU_0133,struggling,1.85,48.7,33,6.6,10,4,12.2,8.99,32.4,-3.01,1,0,24.974358974358974,1,40.68571428571428,0
STU_0134,overachiever,6.39,79.4,46,0.8,29,30,89.1,50.75,77.1,0.46,1,1,12.234206471494609,0,97.94285714285715,1
STU_0135,overachiever,6.39,88.1,44,1.5,28,20,91.4,56.32,76.9,-0.45,0,1,13.574730354391372,0,84.62857142857143,0
STU_0136,struggling,1.66,51.2,3,2.4,15,1,16.7,8.48,43.2,-5.69,1,0,29.090909090909093,0,18.47142857142857,0
STU_0137,struggling,2.8,62.6,28,6.4,13,1,27.5,17.56,48.3,-0.65,1,0,21.586206896551726,1,36.471428571428575,0
STU_0138,struggling,1.56,57.7,5,4.7,3,1,26.4,9.02,34.0,0.54,1,0,34.75903614457831,0,8.071428571428571,1
STU_0139,overachiever,6.65,92.0,50,0.7,28,28,90.3,61.22,80.0,7.65,0,1,13.62962962962963,0,98.0,1
STU_0140,consistent,2.87,63.3,36,2.6,22,16,64.8,18.16,48.8,3.89,0,1,21.31313131313131,0,67.94285714285714,1
STU_0141,overachiever,5.56,70.0,46,2.1,27,21,100.0,38.95,72.6,3.19,1,1,12.36749116607774,0,86.30000000000001,1
STU_0142,struggling,1.43,37.6,7,3.8,11,3,32.3,5.37,23.2,0.48,1,0,24.575163398692812,0,19.814285714285717,1
STU_0143,consistent,3.58,74.9,40,1.1,18,12,65.9,26.79,57.9,7.11,0,1,20.35326086956522,0,62.857142857142854,1
STU_0144,consistent,2.75,69.7,44,1.0,17,13,82.3,19.17,55.2,0.15,0,1,24.45614035087719,0,66.12857142857143,1
STU_0145,consistent,3.66,69.6,43,1.6,29,10,88.1,25.46,60.9,6.14,0,1,18.510638297872337,0,74.11428571428571,1
STU_0146,consistent,3.14,50.0,42,2.7,18,14,61.1,15.71,55.1,5.06,0,0,15.432098765432098,0,66.6,1
STU_0147,overachiever,5.98,87.6,45,1.5,26,28,88.5,52.4,72.8,2.97,1,1,14.407894736842104,0,92.0,1
STU_0148,overachiever,6.21,91.6,47,1.2,26,24,91.7,56.89,84.2,2.9,1,1,14.516640253565768,0,89.3142857142857,1
STU_0149,overachiever,7.55,84.0,41,1.3,30,28,93.8,63.42,85.2,2.2,0,1,10.980392156862745,0,92.8,1
STU_0150,consistent,4.79,81.6,45,1.7,23,9,77.9,39.04,64.8,5.89,0,1,16.687116564417177,0,68.64285714285714,1
STU_0151,consistent,5.65,64.3,40,3.1,23,7,79.4,36.34,66.3,4.44,0,1,11.182608695652174,0,62.5,1
STU_0152,consistent,4.03,72.3,50,2.2,23,13,73.6,29.12,61.3,10.42,0,1,17.506053268765132,0,76.92857142857143,1
STU_0153,consistent,5.05,73.8,27,1.5,21,8,90.4,37.31,65.3,7.52,0,1,14.330097087378642,0,51.17142857142857,1
STU_0154,consistent,3.55,70.9,36,0.4,25,5,86.1,25.15,66.0,4.69,0,1,19.424657534246577,0,59.15714285714286,1
STU_0155,overachiever,5.78,90.3,43,1.8,28,25,89.7,52.15,75.9,0.47,0,1,15.357142857142858,0,89.18571428571428,1
STU_0156,struggling,1.59,63.3,6,4.0,10,2,41.2,10.05,42.3,-2.1,1,0,37.455621301775146,0,16.942857142857143,0
STU_0157,consistent,4.22,81.5,34,2.1,15,12,66.4,34.38,68.2,5.76,0,1,18.865740740740744,0,55.05714285714286,1
STU_0158,consistent,3.57,74.1,41,2.2,20,14,85.7,26.46,59.8,7.22,0,1,20.190735694822887,0,67.8,1
STU_0159,consistent,4.71,69.7,43,1.7,20,8,82.7,32.85,63.7,-0.66,0,1,14.490644490644492,0,62.97142857142857,0
STU_0160,struggling,0.76,27.2,22,7.6,9,2,33.7,2.07,26.5,-6.78,1,0,31.627906976744185,1,28.742857142857144,0
STU_0161,consistent,4.21,81.4,43,4.0,19,17,65.5,34.29,60.8,7.66,0,1,18.886310904872392,0,71.61428571428571,1
STU_0162,struggling,2.63,55.8,28,6.1,3,1,35.9,14.66,35.8,2.51,1,0,20.439560439560438,1,26.471428571428575,1
STU_0163,overachiever,7.68,92.3,50,1.3,27,22,91.5,70.9,74.9,0.71,0,1,11.86375321336761,0,90.57142857142857,1
STU_0164,overachiever,6.32,73.5,48,0.6,26,23,87.5,46.5,72.2,1.07,0,1,11.448598130841122,0,89.04285714285714,1
STU_0165,overachiever,6.88,100.0,48,1.1,27,20,88.1,68.84,86.5,5.23,0,1,14.326647564469916,0,86.82857142857142,1
STU_0166,struggling,1.22,32.2,3,2.2,9,3,45.0,3.93,34.4,-1.24,1,0,24.393939393939394,0,14.614285714285714,0
STU_0167,overachiever,6.11,89.0,50,1.6,26,15,90.7,54.43,74.6,6.56,0,1,14.331723027375201,0,82.07142857142857,1
STU_0168,consistent,3.82,68.5,41,2.4,26,11,71.3,26.17,57.0,7.12,0,1,17.474489795918366,0,70.58571428571429,1
STU_0169,struggling,1.77,47.6,15,3.9,7,6,14.6,8.42,26.6,-9.88,1,0,25.454545454545453,0,25.428571428571427,0
STU_0170,struggling,2.18,45.1,9,7.7,13,3,20.7,9.83,27.5,0.18,1,0,19.780701754385962,1,23.41428571428571,1
STU_0171,overachiever,5.04,83.1,41,1.8,29,20,99.9,41.94,80.8,-1.32,0,1,16.167315175097276,0,83.22857142857143,0
STU_0172,overachiever,5.73,85.0,47,1.1,30,23,84.9,48.69,70.3,4.89,0,1,14.579759862778731,0,92.24285714285713,1
STU_0173,consistent,5.51,70.4,39,1.1,20,11,80.0,38.8,68.3,1.71,0,1,12.549019607843139,0,62.98571428571429,1
STU_0174,consistent,3.79,91.0,43,1.8,20,16,85.6,34.51,70.5,4.68,0,1,23.39331619537275,0,71.54285714285714,1
STU_0175,consistent,4.42,54.6,41,1.1,22,11,92.6,24.16,64.2,1.81,0,1,12.079646017699117,0,66.58571428571429,1
STU_0176,consistent,3.87,70.3,28,2.6,22,20,71.4,27.17,53.3,-2.59,0,1,17.707808564231737,0,65.82857142857144,0
STU_0177,overachiever,6.73,94.3,50,1.8,25,23,89.8,63.49,79.8,2.76,1,1,13.806734992679356,0,89.64285714285714,1
STU_0178,struggling,1.25,43.4,9,6.3,5,1,33.5,5.41,31.0,-3.23,1,0,32.148148148148145,1,13.27142857142857,0
STU_0179,consistent,3.28,68.5,36,3.1,30,16,62.9,22.42,54.2,4.84,0,1,20.266272189349113,0,75.94285714285714,1
STU_0180,overachiever,6.83,98.4,50,1.1,30,30,91.3,67.25,85.9,1.94,1,1,14.1991341991342,0,100.0,1
STU_0181,struggling,2.17,53.2,11,3.9,7,0,48.7,11.53,36.3,-5.61,1,0,23.436123348017624,0,15.8,0
STU_0182,consistent,4.58,80.2,36,2.3,24,16,86.4,36.71,71.2,6.05,0,1,17.13675213675214,0,69.94285714285714,1
STU_0183,consistent,3.34,74.8,30,0.7,20,12,78.5,25.0,58.3,5.09,0,1,21.744186046511626,0,56.857142857142854,1
STU_0184,consistent,4.0,66.8,43,2.8,19,8,67.1,26.74,51.5,7.49,0,1,16.29268292682927,0,61.97142857142857,1
STU_0185,consistent,2.77,73.7,40,2.0,25,8,66.8,20.39,55.6,5.02,0,1,25.679442508710803,0,65.57142857142857,1
STU_0186,struggling,2.76,54.9,16,4.3,6,2,44.7,15.15,44.5,-0.82,1,1,19.195804195804197,0,20.942857142857143,0
STU_0187,consistent,3.41,83.9,28,2.0,19,9,82.7,28.6,63.8,7.87,0,1,23.903133903133902,0,51.042857142857144,1
STU_0188,consistent,4.66,66.3,36,1.8,19,10,69.2,30.91,63.4,5.79,0,1,13.928571428571429,0,58.51428571428571,1
STU_0189,struggling,1.34,49.1,14,8.0,4,2,53.8,6.58,31.7,-3.43,1,0,34.09722222222222,1,17.34285714285714,0
STU_0190,overachiever,6.57,89.4,45,1.0,30,23,95.1,58.73,78.8,-6.5,1,1,13.403298350824588,0,90.64285714285714,0
STU_0191,struggling,1.11,25.4,10,4.8,15,2,29.6,2.83,22.0,-2.13,1,0,20.991735537190078,0,25.142857142857142,0
STU_0192,struggling,1.31,44.4,22,7.4,8,3,26.1,5.81,32.3,-0.77,1,0,31.489361702127656,1,28.814285714285717,0
STU_0193,consistent,3.28,81.4,38,2.5,21,12,75.6,26.69,55.8,7.22,0,1,24.082840236686394,0,64.25714285714285,1
STU_0194,consistent,2.78,63.7,38,0.0,15,11,86.2,17.7,53.9,6.61,0,1,22.118055555555557,0,57.18571428571428,1
STU_0195,struggling,0.67,53.4,20,6.1,10,3,40.3,3.59,35.1,-5.06,1,0,69.35064935064935,1,29.214285714285715,0
STU_0196,consistent,4.78,67.6,27,2.2,17,14,87.9,32.33,67.1,-1.82,0,1,13.852459016393441,0,53.6,0
STU_0197,consistent,3.92,58.6,38,3.3,22,6,80.2,22.94,52.0,3.87,0,1,14.577114427860698,0,58.82857142857143,1
STU_0198,struggling,1.78,57.0,17,4.4,16,0,19.4,10.11,38.0,-2.08,1,0,30.319148936170212,0,29.6,0
STU_0199,consistent,4.79,74.2,38,2.1,28,5,73.3,35.56,64.4,11.07,0,1,15.173824130879348,0,63.75714285714285,1
STU_0200,consistent,4.67,68.8,50,0.5,21,11,75.5,32.16,55.2,6.34,0,1,14.423480083857443,0,72.78571428571428,1
STU_0201,consistent,2.72,79.6,50,0.9,20,13,81.5,21.67,59.1,3.08,0,1,28.226950354609926,0,73.92857142857143,1
STU_0202,struggling,0.83,50.0,26,6.8,5,1,37.8,4.13,38.7,-2.14,1,0,53.763440860215056,1,26.871428571428574,0
STU_0203,consistent,3.0,81.0,45,1.6,22,10,76.2,24.31,59.3,11.3,0,1,26.129032258064516,0,68.71428571428572,1
STU_0204,consistent,3.39,59.3,31,0.7,22,12,82.0,20.14,56.6,8.58,0,1,16.991404011461317,0,59.65714285714286,1
STU_0205,consistent,2.42,83.9,32,2.6,19,10,80.1,20.34,62.7,5.32,0,1,33.2936507936508,0,55.31428571428572,1
STU_0206,struggling,1.88,65.0,8,6.4,8,4,44.4,12.25,40.4,-5.08,1,0,32.82828282828283,1,18.685714285714287,0
STU_0207,consistent,3.0,78.6,45,1.7,22,13,60.0,23.58,57.5,8.71,0,1,25.354838709677416,0,71.92857142857143,1
STU_0208,overachiever,5.74,91.0,47,1.7,24,26,89.1,52.19,64.4,-1.26,0,1,15.582191780821919,0,89.45714285714286,0
STU_0209,consistent,4.97,83.2,38,2.9,18,15,71.5,41.39,70.4,3.62,0,1,16.410256410256412,0,64.47142857142856,1
STU_0210,overachiever,6.02,98.0,50,1.7,26,20,92.4,58.99,84.4,3.71,1,1,16.01307189542484,0,87.42857142857143,1
STU_0211,consistent,4.52,60.0,46,1.2,22,19,76.9,27.11,73.0,6.82,0,1,12.987012987012989,0,79.15714285714286,1
STU_0212,overachiever,7.37,95.0,49,1.2,29,22,97.4,69.95,90.3,0.33,1,1,12.717536813922356,0,91.77142857142857,1
STU_0213,consistent,4.85,84.4,43,2.1,21,13,60.9,40.89,62.6,2.86,0,1,17.050505050505055,0,69.32857142857142,1
STU_0214,consistent,2.79,71.4,45,2.5,22,12,84.0,19.9,53.2,7.1,0,1,24.705882352941178,0,70.85714285714286,1
STU_0215,consistent,4.19,88.9,34,1.8,18,13,71.1,37.28,70.6,3.05,0,1,20.722610722610725,0,59.12857142857143,1
STU_0216,struggling,2.35,43.1,12,5.2,11,0,13.7,10.13,22.6,-8.57,1,0,17.591836734693878,1,20.6,0
STU_0217,struggling,1.02,38.2,9,6.4,7,1,56.8,3.9,29.9,-2.38,1,0,34.107142857142854,1,15.27142857142857,0
STU_0218,struggling,2.28,57.4,12,3.0,11,0,30.0,13.1,33.3,-2.97,1,0,24.11764705882353,0,20.6,0
STU_0219,consistent,2.94,75.8,49,1.5,27,7,74.9,22.26,48.7,2.51,0,1,24.934210526315788,0,73.7,1
STU_0220,struggling,0.85,28.0,16,5.1,10,1,26.3,2.39,18.5,1.02,1,0,29.47368421052632,1,23.871428571428574,1
STU_0221,struggling,2.33,52.2,2,6.4,3,1,42.9,12.17,40.2,0.99,1,0,21.48148148148148,1,5.671428571428572,1
STU_0222,struggling,1.34,39.5,2,5.8,9,3,41.9,5.29,27.9,-2.31,1,0,27.430555555555554,1,13.814285714285713,0
STU_0223,overachiever,5.81,87.0,47,1.3,27,30,84.0,50.54,72.4,7.25,0,1,14.720812182741119,0,96.74285714285713,1
STU_0224,struggling,2.07,28.3,17,5.9,6,4,26.6,5.85,23.4,0.84,1,0,13.04147465437788,1,23.885714285714286,1
STU_0225,consistent,4.4,79.7,40,2.6,18,15,83.9,35.07,70.7,2.71,0,1,17.711111111111112,0,66.07142857142857,1
STU_0226,consistent,4.12,82.7,29,2.2,21,16,86.5,34.08,70.1,11.42,0,1,19.597156398104268,0,61.34285714285714,1
STU_0227,consistent,3.52,92.2,50,1.4,24,10,75.6,32.41,65.8,5.08,0,1,25.46961325966851,0,74.71428571428572,1
STU_0228,consistent,4.63,74.8,41,1.7,18,9,94.0,34.68,64.8,6.63,0,1,15.813953488372094,0,60.44285714285714,1
STU_0229,overachiever,6.96,94.8,46,0.9,26,30,86.6,65.93,89.3,5.15,0,1,13.427762039660058,0,94.94285714285715,1
STU_0230,overachiever,6.94,86.2,46,1.4,24,23,92.4,59.83,76.5,-2.2,1,1,12.244318181818182,0,85.44285714285715,0
STU_0231,overachiever,7.24,91.4,48,1.5,25,25,100.0,66.13,80.9,-1.11,0,1,12.452316076294279,0,90.18571428571428,0
STU_0232,consistent,4.78,84.2,32,2.0,18,11,74.3,40.25,66.1,12.28,0,1,17.25409836065574,0,55.385714285714286,1
STU_0233,consistent,3.88,69.1,35,1.4,23,5,80.9,26.82,66.4,9.03,0,0,17.361809045226128,0,56.35714285714286,1
STU_0234,struggling,0.89,46.4,2,5.0,13,0,38.9,4.14,30.4,-6.78,1,0,46.868686868686865,1,14.6,0
STU_0235,consistent,4.35,66.9,37,1.0,22,5,78.9,29.1,61.2,4.86,0,1,15.033707865168543,0,56.957142857142856,1
STU_0236,struggling,2.52,52.0,17,7.6,11,1,39.5,13.12,44.9,-0.71,1,0,19.84732824427481,1,25.67142857142857,0
STU_0237,struggling,1.73,36.4,14,6.5,7,1,32.8,6.32,32.8,-2.51,1,0,19.89071038251366,1,19.271428571428572,0
STU_0238,consistent,3.51,77.1,47,1.6,23,9,65.0,27.1,52.0,3.13,0,1,21.357340720221607,0,70.24285714285713,1
STU_0239,consistent,5.41,72.2,47,2.8,28,13,78.3,39.04,73.7,9.19,0,1,13.10344827586207,0,79.52857142857142,1
STU_0240,overachiever,6.57,97.9,48,0.8,29,22,99.0,64.27,82.8,3.07,1,1,14.677661169415293,0,90.97142857142856,1
STU_0241,overachiever,7.86,95.5,47,1.7,28,30,86.8,75.06,85.9,0.11,0,1,11.99748743718593,0,97.74285714285713,1
STU_0242,consistent,3.7,60.9,40,2.7,26,14,72.7,22.57,58.9,3.03,0,1,16.02631578947368,0,73.0,1
STU_0243,struggling,1.57,39.4,3,6.7,7,0,25.2,6.18,30.6,-8.58,1,0,23.592814371257482,1,9.4,0
STU_0244,struggling,1.89,47.5,9,5.9,7,0,38.1,8.96,24.4,-2.95,1,0,23.86934673366834,1,14.2,0
STU_0245,consistent,3.01,86.6,44,1.8,23,9,76.2,26.1,62.6,8.48,0,1,27.845659163987136,0,67.84285714285716,1
STU_0246,overachiever,5.69,86.3,46,1.1,30,28,93.7,49.07,69.4,6.0,0,1,14.905008635578584,0,96.80000000000001,1
STU_0247,consistent,4.31,85.9,50,2.8,25,12,82.0,37.02,68.1,3.95,0,1,19.478458049886626,0,77.85714285714286,1
STU_0248,struggling,0.55,33.4,20,5.2,12,0,32.5,1.84,22.8,-0.64,1,0,51.38461538461538,1,28.0,0
STU_0249,struggling,1.09,41.5,30,4.2,15,4,22.3,4.5,25.4,-0.97,1,0,34.87394957983193,0,43.285714285714285,0
STU_0250,consistent,4.32,64.8,32,2.3,27,15,76.8,28.01,60.9,6.57,0,1,14.660633484162895,0,68.67142857142858,1
STU_0251,struggling,1.79,45.6,15,5.8,8,2,10.0,8.16,21.6,-2.84,1,0,24.126984126984127,1,22.142857142857142,0
STU_0252,struggling,0.5,53.4,8,4.8,11,2,46.2,2.67,36.6,-2.71,1,0,89.0,0,19.542857142857144,0
STU_0253,overachiever,7.0,82.4,49,0.9,29,23,93.3,57.69,81.9,1.45,1,1,11.605633802816902,0,92.84285714285714,1
STU_0254,consistent,3.84,67.5,38,0.8,21,10,76.1,25.9,56.4,4.81,0,1,17.131979695431472,0,62.114285714285714,1
STU_0255,consistent,3.51,85.5,33,1.4,20,17,76.9,30.02,57.9,3.86,0,1,23.68421052631579,0,64.61428571428571,1
STU_0256,consistent,3.97,66.5,43,0.6,22,12,77.1,26.44,71.4,6.05,0,1,16.33906633906634,0,69.25714285714285,1
STU_0257,consistent,3.32,74.8,28,1.7,15,14,70.5,24.84,65.5,8.39,0,1,21.871345029239766,0,52.400000000000006,1
STU_0258,overachiever,6.82,74.5,46,1.6,25,23,91.8,50.78,83.9,0.73,1,1,10.765895953757225,0,86.44285714285715,1
STU_0259,overachiever,5.14,81.5,50,1.1,27,30,90.8,41.88,79.4,-1.7,1,1,15.553435114503818,0,99.14285714285714,0
STU_0260,struggling,2.53,26.0,16,3.4,6,1,27.9,6.58,23.4,-5.64,1,0,9.885931558935361,0,19.871428571428574,0
STU_0261,overachiever,6.55,91.1,45,0.7,30,24,89.3,59.72,76.3,0.41,1,1,13.699248120300751,0,91.71428571428571,1
STU_0262,struggling,1.02,31.9,12,5.8,11,4,38.6,3.26,28.0,-4.43,1,0,28.482142857142854,1,24.885714285714286,0
STU_0263,consistent,3.98,65.9,34,1.5,21,5,82.3,26.2,48.1,3.18,0,1,16.151960784313726,0,53.557142857142864,1
STU_0264,struggling,2.86,23.2,24,4.5,5,5,27.8,6.63,27.4,-3.94,1,0,7.837837837837838,0,29.557142857142857,0
STU_0265,struggling,0.5,60.7,12,5.4,8,1,34.5,3.03,34.8,-8.55,1,0,101.16666666666667,1,18.67142857142857,0
STU_0266,consistent,4.98,70.1,48,1.5,20,15,82.6,34.9,58.9,7.23,0,1,13.799212598425196,0,74.47142857142856,1
STU_0267,consistent,4.08,88.0,35,2.6,21,12,78.4,35.87,68.4,4.65,0,1,21.05263157894737,0,61.857142857142854,1
STU_0268,struggling,0.68,53.8,17,5.8,6,3,23.4,3.65,34.1,-7.26,1,0,68.97435897435896,1,22.814285714285717,0
STU_0269,consistent,2.69,71.1,45,1.6,21,13,85.1,19.11,50.5,5.26,0,0,25.483870967741932,0,70.92857142857143,1
STU_0270,consistent,5.66,71.3,44,2.7,22,14,86.9,40.35,72.0,6.91,0,1,12.378472222222221,0,72.2,1
STU_0271,struggling,2.15,37.2,24,3.3,7,1,25.1,8.0,23.2,-0.33,1,0,16.533333333333335,0,27.271428571428572,0
STU_0272,consistent,4.18,92.1,39,0.5,17,7,86.2,38.54,69.6,5.37,0,1,21.51869158878505,0,55.7,1
STU_0273,overachiever,7.51,82.1,48,1.3,30,26,93.3,61.65,83.0,3.4,0,1,10.788436268068331,0,96.25714285714285,1
STU_0274,consistent,3.1,95.0,49,2.5,21,8,80.6,29.41,66.9,5.77,0,1,29.6875,0,68.77142857142857,1
STU_0275,consistent,3.95,79.5,37,1.9,21,5,81.0,31.38,62.6,0.75,0,1,19.62962962962963,0,55.957142857142856,1
STU_0276,struggling,2.26,34.3,14,7.0,4,1,19.6,7.76,31.9,-8.56,1,0,14.533898305084746,1,16.271428571428572,0
STU_0277,overachiever,6.06,78.9,48,1.4,24,25,88.0,47.77,72.5,2.57,0,1,12.808441558441562,0,89.18571428571428,1
STU_0278,struggling,1.48,33.8,5,4.5,10,4,36.9,5.01,29.3,-4.4,1,0,21.392405063291136,0,18.285714285714285,0
STU_0279,consistent,4.49,76.6,36,2.2,15,16,85.7,34.37,64.0,6.28,0,1,16.688453159041394,0,60.942857142857136,1
STU_0280,consistent,3.63,72.1,33,0.6,25,11,89.3,26.16,57.8,3.87,0,1,19.329758713136727,0,63.18571428571428,1
STU_0281,overachiever,6.43,84.3,42,1.4,28,24,100.0,54.16,82.9,6.39,1,1,12.909647779479327,0,87.31428571428572,1
STU_0282,struggling,0.99,61.8,21,5.8,9,3,37.8,6.1,36.9,-9.9,1,0,56.69724770642201,1,29.014285714285716,0
STU_0283,overachiever,7.02,84.7,50,0.0,24,23,95.4,59.48,80.6,1.72,0,1,11.89606741573034,0,88.64285714285714,1
STU_0284,struggling,2.42,25.9,25,4.3,8,3,35.9,6.25,32.6,-2.67,1,0,10.277777777777777,0,31.214285714285715,0
STU_0285,consistent,4.36,56.3,33,1.8,18,13,77.6,24.55,56.7,4.42,0,1,12.623318385650224,0,58.32857142857143,1
STU_0286,consistent,3.09,78.4,37,1.6,21,12,75.2,24.27,56.2,3.92,0,1,24.576802507836994,0,63.457142857142856,1
STU_0287,struggling,1.44,39.5,2,7.2,11,3,35.5,5.69,23.6,-2.58,1,0,25.649350649350648,1,15.814285714285713,0
STU_0288,consistent,3.5,75.7,47,1.8,23,14,75.3,26.46,56.6,-0.96,0,1,21.02777777777778,0,75.6,0
STU_0289,overachiever,5.0,85.4,43,0.4,28,29,85.8,42.69,72.9,1.48,1,1,16.745098039215687,0,93.47142857142858,1
STU_0290,consistent,3.08,57.5,37,2.1,20,8,79.2,17.68,54.2,1.05,0,1,18.08176100628931,0,58.17142857142857,1
STU_0291,overachiever,6.25,92.3,45,0.5,25,26,95.8,57.67,85.9,-1.31,1,1,14.535433070866143,0,88.85714285714286,0
STU_0292,struggling,2.48,26.3,11,4.7,14,3,42.3,6.53,30.0,-4.84,1,0,10.193798449612403,0,26.014285714285712,0
STU_0293,struggling,0.5,17.4,20,2.2,11,2,30.5,0.87,17.2,-3.33,1,0,29.0,0,29.142857142857142,0
STU_0294,overachiever,7.03,82.9,48,1.0,29,27,89.7,58.31,87.7,4.21,1,1,11.626928471248247,0,96.32857142857142,1
STU_0295,struggling,2.14,30.8,20,3.4,4,0,42.4,6.6,32.9,-0.78,1,0,13.749999999999998,0,20.0,0
STU_0296,consistent,3.32,87.5,44,2.0,15,7,76.7,29.07,73.2,1.16,0,1,25.584795321637426,0,57.7,1
STU_0297,consistent,4.18,75.8,49,3.6,22,12,73.8,31.64,57.8,6.89,0,1,17.71028037383178,0,74.05714285714285,1
STU_0298,struggling,1.81,31.2,16,2.2,11,2,42.2,5.64,33.5,-2.9,1,0,16.33507853403141,0,25.942857142857143,0
STU_0299,consistent,4.52,63.6,47,3.4,18,5,89.3,28.77,64.9,2.72,0,1,13.76623376623377,0,60.957142857142856,1
STU_0300,struggling,2.12,48.7,7,7.0,10,2,49.0,10.3,40.5,-6.59,1,0,21.936936936936938,1,17.742857142857144,0
STU_0301,struggling,2.49,20.9,3,4.1,7,1,31.6,5.22,26.0,-0.79,1,0,8.069498069498067,0,10.471428571428572,0
STU_0302,overachiever,7.52,90.4,43,0.7,26,19,100.0,67.97,91.9,-0.75,0,1,11.863517060367457,0,80.75714285714285,0
STU_0303,struggling,2.27,52.7,19,5.5,9,0,56.1,11.97,43.7,2.26,1,0,22.236286919831223,1,24.2,1
STU_0304,overachiever,6.26,86.3,50,0.9,28,28,87.7,54.06,88.5,5.31,0,1,13.569182389937108,0,98.0,1
STU_0305,consistent,5.58,74.8,34,1.1,22,13,86.7,41.72,76.0,2.59,0,1,13.169014084507042,0,63.12857142857143,1
STU_0306,struggling,0.54,38.2,19,7.7,9,0,43.5,2.08,32.3,-6.89,1,0,59.6875,1,24.2,0
STU_0307,overachiever,5.0,79.8,47,0.7,28,23,91.6,39.88,67.7,3.37,1,1,15.647058823529413,0,90.24285714285713,1
STU_0308,overachiever,5.0,83.2,44,1.1,29,30,90.9,41.6,65.9,0.42,0,1,16.31372549019608,0,96.34285714285714,1
STU_0309,overachiever,6.64,91.6,50,0.9,30,20,83.0,60.79,78.0,3.52,0,1,13.590504451038576,0,91.42857142857143,1
STU_0310,consistent,4.06,68.2,45,2.2,24,12,65.2,27.72,63.5,5.37,0,1,16.394230769230774,0,72.85714285714286,1
STU_0311,overachiever,5.24,82.4,46,1.2,25,26,100.0,43.15,81.4,1.86,1,1,15.430711610486894,0,89.65714285714286,1
STU_0312,struggling,1.84,46.8,16,4.9,3,3,40.2,8.64,34.8,-4.67,1,0,24.12371134020618,0,19.014285714285716,0
STU_0313,overachiever,6.03,93.9,46,0.7,30,24,85.7,56.61,75.9,-1.88,1,1,15.318107667210441,0,92.51428571428572,0
STU_0314,struggling,1.73,54.5,24,4.2,10,3,50.2,9.42,41.6,-8.56,1,0,29.78142076502732,0,32.41428571428571,0
STU_0315,overachiever,8.32,94.2,48,0.6,28,24,85.6,78.37,85.0,-2.63,1,1,11.187648456057008,0,92.11428571428571,0
STU_0316,struggling,1.42,30.3,11,4.4,4,1,29.3,4.31,20.9,-12.79,1,0,19.93421052631579,0,13.871428571428572,0
STU_0317,consistent,3.84,76.9,35,2.0,19,16,81.0,29.54,63.2,6.64,0,1,19.51776649746193,0,64.14285714285714,1
STU_0318,consistent,4.14,61.6,37,2.1,21,11,76.4,25.52,56.1,5.16,0,1,14.528301886792455,0,62.385714285714286,1
STU_0319,consistent,4.26,76.3,37,1.2,22,7,73.7,32.47,71.1,-2.92,0,1,17.5,0,59.1,0
STU_0320,consistent,3.19,69.8,49,2.5,17,10,72.6,22.29,54.2,6.49,0,1,21.215805471124618,0,66.91428571428571,1
STU_0321,struggling,0.52,65.0,7,3.0,8,1,41.0,3.36,39.3,-8.58,1,0,104.83870967741936,0,14.67142857142857,0
STU_0322,overachiever,6.9,84.3,50,0.8,24,25,100.0,58.14,83.7,2.48,1,1,12.042857142857143,0,90.78571428571429,1
STU_0323,consistent,5.02,52.8,43,0.0,26,9,72.3,26.54,49.8,4.41,0,1,10.312500000000002,0,70.04285714285714,1
STU_0324,struggling,2.3,19.2,5,5.4,4,0,60.0,4.42,30.6,-0.39,1,0,8.0,1,8.0,0
STU_0325,struggling,2.12,27.1,26,5.5,15,0,43.2,5.73,27.8,-5.59,1,0,12.207207207207206,1,35.8,0
STU_0326,struggling,0.5,41.4,14,4.7,6,2,46.9,2.07,26.2,-6.67,1,0,69.0,0,19.34285714285714,0
STU_0327,struggling,0.5,54.3,22,5.1,14,2,37.7,2.72,35.8,-4.89,1,0,90.5,1,33.74285714285715,0
STU_0328,struggling,1.6,49.9,10,3.8,7,2,27.4,7.99,22.7,-8.67,1,0,29.352941176470583,0,17.142857142857142,0
STU_0329,struggling,1.55,24.5,9,3.6,8,3,49.9,3.79,29.0,2.91,1,0,14.848484848484848,0,18.41428571428571,1
STU_0330,struggling,1.84,42.4,20,4.5,11,1,31.7,7.78,28.8,-4.0,1,0,21.85567010309278,0,28.071428571428573,0
STU_0331,struggling,2.05,30.5,8,6.6,8,2,18.8,6.25,24.7,-4.54,1,0,14.186046511627907,1,16.542857142857144,0
STU_0332,overachiever,7.11,95.4,46,1.4,26,26,93.9,67.8,93.5,-3.93,0,1,13.231622746185854,0,90.65714285714286,0
STU_0333,struggling,2.4,49.2,10,2.9,7,2,25.0,11.82,34.7,0.02,1,0,19.68,0,17.142857142857142,1
STU_0334,overachiever,6.23,90.6,46,1.4,27,20,89.5,56.43,78.9,4.97,0,1,14.312796208530804,0,85.22857142857143,1
STU_0335,overachiever,7.13,85.0,48,1.5,26,24,94.2,60.56,83.2,8.66,0,1,11.756569847856156,0,90.11428571428571,1
STU_0336,struggling,1.25,31.3,17,5.5,4,3,49.3,3.9,30.3,-4.43,1,0,23.185185185185183,1,20.814285714285717,0
STU_0337,overachiever,6.82,82.9,49,1.8,27,23,94.8,56.58,88.5,-1.36,1,1,11.979768786127169,0,90.84285714285714,0
STU_0338,overachiever,5.42,89.5,47,2.1,30,25,87.7,48.54,76.9,5.65,1,1,16.21376811594203,0,94.38571428571429,1
STU_0339,consistent,4.29,81.1,38,1.3,22,6,80.6,34.78,69.7,7.99,0,1,18.47380410022779,0,58.82857142857143,1
STU_0340,consistent,4.34,75.4,31,0.9,15,16,82.2,32.72,63.2,14.73,0,1,16.981981981981985,0,56.94285714285714,1
STU_0341,consistent,4.17,69.4,30,3.4,20,14,91.2,28.95,60.3,2.01,0,1,16.252927400468387,0,59.0,1
STU_0342,struggling,2.1,30.1,2,5.2,9,1,44.5,6.31,28.5,-5.11,1,0,13.681818181818182,1,11.67142857142857,0
STU_0343,consistent,4.38,81.8,40,1.8,24,12,79.0,35.85,60.8,1.3,0,1,18.258928571428573,0,68.85714285714286,1
STU_0344,struggling,1.09,43.9,25,4.3,3,2,26.7,4.79,37.5,-3.17,1,0,36.890756302521005,0,25.142857142857142,0
STU_0345,struggling,1.67,20.5,17,4.2,7,1,17.9,3.43,23.6,-7.19,1,0,11.581920903954803,0,21.67142857142857,0
STU_0346,consistent,2.58,79.7,29,1.0,21,11,63.4,20.59,53.3,1.87,0,0,29.738805970149254,0,55.98571428571428,1
STU_0347,consistent,3.69,77.9,34,2.3,20,8,83.9,28.76,63.1,4.39,0,1,20.554089709762533,0,55.77142857142857,1
STU_0348,overachiever,6.51,85.7,46,1.3,25,18,87.0,55.77,69.7,3.46,1,1,12.965204236006054,0,81.08571428571429,1
STU_0349,consistent,4.03,55.3,43,2.6,23,8,72.0,22.28,53.1,1.21,0,0,13.389830508474576,0,65.97142857142856,1
STU_0350,consistent,3.89,79.1,43,1.9,20,17,83.2,30.8,61.0,8.59,0,1,19.82456140350877,0,72.61428571428571,1
STU_0351,consistent,4.95,79.8,38,1.6,17,8,88.3,39.47,67.4,8.71,0,1,15.801980198019802,0,55.97142857142857,1
STU_0352,consistent,3.78,71.6,35,1.2,27,8,89.5,27.06,68.7,3.54,0,1,18.45360824742268,0,63.57142857142857,1
STU_0353,struggling,1.13,45.9,25,3.3,9,0,30.6,5.2,32.0,-6.17,1,0,37.3170731707317,0,29.0,0
STU_0354,consistent,3.57,72.4,33,2.0,21,14,83.8,25.84,55.9,8.01,0,1,19.727520435967303,0,62.400000000000006,1
STU_0355,struggling,0.53,41.9,6,2.8,14,3,26.1,2.21,25.3,-8.6,1,0,66.5079365079365,0,22.014285714285712,0
STU_0356,struggling,1.4,49.4,17,4.8,3,3,28.1,6.92,29.7,0.54,1,0,32.93333333333333,0,19.814285714285717,1
STU_0357,overachiever,5.86,74.6,45,1.7,29,25,99.0,43.74,75.0,1.63,0,1,12.516778523489933,0,91.78571428571429,1
STU_0358,struggling,2.63,36.1,25,2.9,7,0,42.0,9.5,34.5,-0.97,1,0,13.223443223443224,0,27.0,0
STU_0359,struggling,0.88,15.0,15,6.4,13,0,22.8,1.32,13.4,-1.74,1,0,15.306122448979592,1,25.0,0
STU_0360,overachiever,5.56,89.2,49,2.0,29,24,96.4,49.57,79.1,0.29,0,1,15.759717314487634,0,93.91428571428571,1
STU_0361,overachiever,6.22,82.6,48,1.8,24,22,89.0,51.38,80.3,2.29,1,1,13.069620253164556,0,85.97142857142856,1
STU_0362,overachiever,6.28,79.0,48,0.8,29,21,100.0,49.61,73.7,3.89,0,1,12.382445141065832,0,89.9,1
STU_0363,overachiever,5.91,100.0,47,1.6,28,25,89.0,59.15,72.0,-1.45,1,1,16.638935108153078,0,92.38571428571429,0
STU_0364,consistent,4.28,75.9,42,2.2,26,14,84.0,32.46,59.0,9.09,0,1,17.328767123287673,0,74.6,1
STU_0365,struggling,0.5,44.3,3,5.1,12,1,28.7,2.21,21.3,-6.28,1,0,73.83333333333333,1,15.471428571428572,0
STU_0366,consistent,2.42,82.5,27,2.0,21,18,63.4,19.96,57.2,2.41,0,1,32.73809523809524,0,61.885714285714286,1
STU_0367,overachiever,8.41,90.6,46,0.4,27,21,88.2,76.25,84.5,-0.95,1,1,10.646298472385428,0,86.30000000000001,0
STU_0368,consistent,4.94,72.9,36,0.7,20,18,79.5,36.01,74.0,1.29,0,1,14.464285714285715,0,68.08571428571429,1
STU_0369,consistent,3.38,72.4,49,2.6,17,7,86.9,24.44,45.6,2.57,0,1,20.804597701149426,0,63.7,1
STU_0370,consistent,4.7,74.7,45,3.8,18,12,73.8,35.1,69.2,2.18,0,1,15.562500000000002,0,66.85714285714286,1
STU_0371,consistent,3.92,78.9,35,2.1,22,7,83.7,30.91,65.0,9.39,0,1,19.626865671641795,0,57.5,1
STU_0372,struggling,1.73,50.1,17,6.2,6,3,30.2,8.67,38.6,-6.74,1,0,27.37704918032787,1,22.814285714285717,0
STU_0373,overachiever,5.27,87.0,45,1.3,24,22,90.2,45.84,72.4,0.78,0,1,16.201117318435756,0,83.57142857142857,1
STU_0374,struggling,2.42,37.3,21,5.1,8,0,48.7,9.02,41.4,-4.34,1,0,14.8015873015873,1,24.8,0
STU_0375,consistent,4.81,82.7,43,2.6,20,8,78.7,39.81,62.6,8.64,0,1,16.84317718940937,0,62.97142857142857,1
STU_0376,struggling,1.36,42.8,24,3.8,3,4,53.7,5.82,31.4,-4.73,1,0,29.31506849315068,0,26.485714285714284,0
STU_0377,consistent,3.07,58.2,40,1.5,25,18,93.5,17.88,50.9,5.41,0,0,18.3596214511041,0,76.28571428571429,1
STU_0378,consistent,4.86,87.7,39,1.7,23,15,79.6,42.6,70.4,6.86,0,1,17.681451612903228,0,70.27142857142857,1
STU_0379,overachiever,6.4,95.7,39,0.9,27,15,88.2,61.23,88.1,3.58,1,1,14.723076923076924,0,74.27142857142857,1
STU_0380,struggling,0.5,41.3,24,4.9,7,1,23.6,2.07,19.7,-4.46,1,0,68.83333333333333,0,27.271428571428572,0
STU_0381,consistent,3.61,65.3,38,2.4,22,19,79.9,23.6,54.9,5.84,0,1,17.6010781671159,0,72.75714285714285,1
STU_0382,consistent,3.92,63.9,32,3.5,24,5,78.7,25.07,70.2,7.68,0,1,15.895522388059703,0,54.957142857142856,1
STU_0383,overachiever,7.38,77.0,38,1.5,25,20,93.2,56.84,74.1,-0.38,0,1,10.294117647058824,0,76.82857142857142,0
STU_0384,consistent,4.4,50.0,34,1.1,20,15,77.9,21.98,43.9,5.14,0,1,11.11111111111111,0,63.27142857142857,1
STU_0385,consistent,3.73,58.6,46,2.7,28,7,95.9,21.84,55.8,12.53,0,1,15.300261096605745,0,72.30000000000001,1
STU_0386,consistent,5.5,79.2,41,2.0,26,9,67.4,43.52,69.7,0.31,0,1,14.142857142857144,0,68.44285714285715,1
STU_0387,struggling,1.44,58.1,17,7.0,7,0,47.9,8.37,35.0,-9.15,1,0,37.72727272727273,1,20.6,0
STU_0388,consistent,4.13,95.0,42,2.0,22,12,88.6,39.25,66.8,5.7,0,1,22.458628841607567,0,68.45714285714286,1
STU_0389,struggling,0.97,37.1,2,3.6,12,0,30.4,3.6,18.6,-9.66,1,0,34.67289719626168,0,13.6,0
STU_0390,struggling,0.72,51.2,13,4.2,5,0,18.7,3.66,26.6,-5.8,1,0,62.43902439024391,0,15.4,0
STU_0391,overachiever,5.44,73.1,47,1.2,25,27,95.9,39.81,77.9,0.63,0,1,13.19494584837545,0,91.52857142857142,1
STU_0392,struggling,0.92,48.2,13,6.8,8,1,29.7,4.45,23.3,-1.56,1,0,47.254901960784316,1,19.47142857142857,0
STU_0393,consistent,3.21,67.1,37,0.9,24,6,72.2,21.55,46.1,3.11,0,1,20.271903323262837,0,60.02857142857143,1
STU_0394,consistent,3.09,66.1,49,2.0,22,17,80.8,20.42,49.7,3.81,0,1,20.721003134796238,0,79.41428571428571,1
STU_0395,struggling,1.49,38.7,24,3.4,14,1,25.8,5.75,31.1,1.1,1,0,24.339622641509436,0,34.27142857142857,1
STU_0396,struggling,2.26,59.2,18,7.3,3,3,32.6,13.38,30.2,-3.49,1,0,25.08474576271187,1,20.614285714285714,0
STU_0397,struggling,1.04,40.3,14,2.6,7,0,23.7,4.2,25.3,-4.75,1,0,35.35087719298245,0,18.200000000000003,0
STU_0398,consistent,3.52,78.2,43,2.5,22,16,76.7,27.5,62.9,10.58,0,1,21.602209944751383,0,73.54285714285714,1
STU_0399,struggling,1.13,40.4,9,5.3,7,0,14.1,4.57,24.2,-1.02,1,0,32.84552845528455,1,14.2,0
STU_0400,consistent,4.06,85.5,34,1.9,23,13,87.1,34.75,73.4,3.78,0,1,20.55288461538462,0,64.12857142857143,1
STU_0401,consistent,4.12,80.9,43,2.7,20,15,82.6,33.28,58.5,2.3,0,1,19.170616113744078,0,70.47142857142856,1
STU_0402,overachiever,7.11,91.6,50,1.9,26,21,93.8,65.12,83.5,3.62,0,1,12.704576976421636,0,88.5,1
STU_0403,struggling,1.43,32.4,21,4.9,14,0,18.3,4.62,22.5,-4.2,1,0,21.176470588235293,0,30.8,0
STU_0404,struggling,2.46,27.0,25,6.4,5,2,24.2,6.63,21.2,-3.69,1,0,10.546875,1,27.142857142857142,0
STU_0405,overachiever,6.4,94.8,44,1.2,29,22,97.0,60.64,75.3,0.98,1,1,14.584615384615384,0,87.77142857142857,1
STU_0406,struggling,1.35,54.1,19,2.0,8,0,37.4,7.32,36.2,-5.48,1,0,37.310344827586206,0,23.2,0
STU_0407,consistent,4.92,78.0,47,2.2,18,5,70.7,38.36,68.3,8.57,0,1,15.537848605577691,0,60.957142857142856,1
STU_0408,struggling,0.76,47.6,8,4.5,6,0,39.6,3.61,32.3,1.6,1,0,55.34883720930233,0,12.4,1
STU_0409,overachiever,7.18,91.6,45,1.6,30,19,85.0,65.74,83.8,0.4,1,1,12.582417582417582,0,86.35714285714286,1
STU_0410,struggling,1.79,33.1,22,5.0,6,1,39.7,5.93,26.1,-1.43,1,0,17.513227513227513,1,24.671428571428574,0
STU_0411,overachiever,6.09,75.0,47,1.2,25,27,86.8,45.69,62.0,1.36,0,1,12.11631663974152,0,91.52857142857142,1
STU_0412,overachiever,6.73,82.8,46,1.4,28,20,92.8,55.76,75.7,1.47,0,1,12.12298682284041,0,86.22857142857143,1
STU_0413,overachiever,5.59,91.8,50,0.6,28,28,100.0,51.27,86.4,1.84,0,1,16.133567662565905,0,98.0,1
STU_0414,overachiever,7.47,89.8,50,1.8,29,23,86.5,67.1,83.8,1.34,1,1,11.862615587846765,0,93.64285714285714,1
STU_0415,struggling,0.5,16.8,23,3.8,9,0,36.6,0.84,20.3,-4.38,1,0,28.000000000000004,0,27.400000000000002,0
STU_0416,overachiever,7.61,93.9,49,0.7,27,19,91.6,71.48,88.1,4.1,1,1,12.17898832684825,0,86.55714285714286,1
STU_0417,struggling,0.87,42.6,21,4.1,5,4,45.2,3.72,29.7,-5.79,1,0,43.91752577319588,0,26.085714285714285,0
STU_0418,consistent,3.64,86.7,38,1.5,22,7,80.2,31.55,63.8,3.98,0,1,23.18181818181818,0,59.9,1
STU_0419,consistent,4.17,65.2,39,2.6,25,16,78.5,27.15,63.0,3.62,0,1,15.269320843091338,0,73.34285714285714,1
STU_0420,struggling,1.36,32.7,16,5.0,9,4,51.1,4.45,27.2,-1.22,1,0,22.397260273972602,1,26.085714285714285,0
STU_0421,struggling,2.64,55.7,6,4.6,11,3,30.9,14.74,34.9,-3.8,1,0,20.32846715328467,0,19.014285714285712,0
STU_0422,consistent,3.79,85.4,36,2.3,28,11,70.6,32.33,63.5,9.96,0,1,21.953727506426738,0,68.58571428571429,1
STU_0423,struggling,0.88,49.3,17,6.9,7,3,27.0,4.33,30.7,-8.63,1,0,50.30612244897959,1,23.814285714285717,0
STU_0424,overachiever,6.02,100.0,42,1.2,30,23,84.7,60.22,81.9,4.44,1,1,16.339869281045754,0,88.24285714285715,1
STU_0425,overachiever,7.9,85.3,46,2.5,25,25,91.2,67.35,83.1,2.14,0,1,10.6625,0,88.58571428571429,1
STU_0426,struggling,0.75,41.5,8,4.6,18,0,24.1,3.1,27.8,-4.97,1,0,48.82352941176471,0,24.4,0
STU_0427,overachiever,5.99,99.7,44,1.2,24,25,95.3,59.66,77.6,4.79,0,1,16.371100164203614,0,85.9857142857143,1
STU_0428,struggling,2.1,43.0,13,4.1,7,0,52.7,9.05,39.5,-6.39,1,0,19.545454545454543,0,17.4,0
STU_0429,struggling,0.61,25.0,12,5.4,7,1,40.2,1.53,21.1,-8.49,1,0,35.21126760563381,1,17.67142857142857,0
STU_0430,consistent,4.53,80.8,43,1.9,20,15,91.3,36.62,68.5,3.17,0,1,17.451403887688986,0,70.47142857142856,1
STU_0431,overachiever,6.13,93.4,47,0.6,29,24,100.0,57.24,80.5,5.02,1,1,14.991974317817016,0,92.3142857142857,1
STU_0432,consistent,2.37,95.0,35,2.0,27,11,80.3,22.55,71.5,6.22,0,1,38.46153846153846,0,66.78571428571428,1
STU_0433,consistent,4.23,84.6,35,2.0,24,14,69.1,35.8,67.1,5.0,0,1,19.538106235565817,0,67.0,1
STU_0434,struggling,1.11,44.6,30,8.0,6,2,33.0,4.96,27.0,-2.82,1,0,36.8595041322314,1,32.14285714285714,0
STU_0435,consistent,2.8,87.8,36,2.6,24,14,69.8,24.61,62.2,2.02,0,1,30.275862068965516,0,67.8,1
STU_0436,struggling,1.85,29.9,11,5.4,10,2,51.3,5.53,33.3,-3.85,1,0,15.33333333333333,1,20.942857142857143,0
STU_0437,consistent,3.98,87.0,33,0.0,22,5,82.2,34.64,62.3,13.27,0,1,21.323529411764707,0,53.75714285714286,1
STU_0438,consistent,3.95,89.5,35,1.8,20,5,72.9,35.34,64.3,4.84,0,1,22.098765432098766,0,53.35714285714286,1
STU_0439,struggling,0.5,48.9,19,4.9,7,1,18.3,2.44,17.2,-6.22,1,0,81.5,0,23.271428571428572,0
STU_0440,struggling,1.46,36.0,9,6.7,11,1,18.3,5.25,26.0,-5.02,1,0,23.076923076923077,1,19.271428571428572,0
STU_0441,struggling,1.94,36.6,13,4.7,9,1,24.9,7.11,28.6,-3.75,1,0,17.941176470588236,0,20.47142857142857,0
STU_0442,consistent,4.81,87.8,37,2.1,26,8,80.4,42.2,68.1,2.5,0,1,17.88187372708758,0,64.17142857142858,1
STU_0443,overachiever,5.85,88.5,49,1.1,29,15,97.8,51.83,75.8,2.89,0,1,14.873949579831935,0,84.27142857142857,1
STU_0444,consistent,1.9,95.0,43,2.1,29,15,89.5,18.05,68.2,5.39,0,1,47.5,0,79.47142857142856,1
STU_0445,consistent,3.16,66.7,31,1.4,21,9,60.0,21.1,52.1,5.13,0,1,20.460122699386503,0,55.44285714285714,1
STU_0446,struggling,0.63,42.8,10,3.5,11,0,18.9,2.69,28.3,-1.02,1,0,58.630136986301366,0,19.0,0
STU_0447,overachiever,6.64,90.7,45,0.9,28,24,89.9,60.22,78.7,2.68,0,1,13.456973293768547,0,89.71428571428571,1
STU_0448,consistent,3.19,58.1,39,1.5,19,16,78.0,18.54,48.3,3.7,0,1,17.659574468085108,0,67.34285714285714,1
STU_0449,consistent,3.18,71.3,43,2.7,18,13,76.0,22.65,52.3,3.45,0,1,21.737804878048777,0,66.32857142857142,1
STU_0450,struggling,1.58,50.3,11,3.3,14,3,40.1,7.94,36.3,-3.71,1,0,29.940476190476186,0,26.014285714285712,0
STU_0451,struggling,1.91,57.0,18,4.2,10,0,29.6,10.89,35.6,-0.71,1,0,28.358208955223883,0,24.4,0
STU_0452,struggling,2.18,45.7,12,4.6,10,2,32.8,9.95,33.5,-4.87,1,0,20.043859649122805,0,21.74285714285714,0
STU_0453,struggling,1.91,37.5,15,3.9,14,0,56.0,7.17,27.2,-5.16,1,0,18.65671641791045,0,26.0,0
STU_0454,overachiever,7.72,90.6,44,1.5,28,25,97.3,69.94,86.2,1.04,1,1,11.585677749360613,0,89.9857142857143,1
STU_0455,overachiever,7.14,85.3,46,1.6,27,28,93.1,60.88,77.8,6.59,0,1,11.781767955801106,0,93.80000000000001,1
STU_0456,consistent,2.34,65.5,42,0.2,25,20,75.9,15.34,52.2,2.22,0,1,26.84426229508197,0,80.02857142857144,1
STU_0457,overachiever,6.95,99.5,46,1.2,30,15,93.0,69.14,89.6,-0.63,0,1,14.113475177304965,0,82.87142857142857,0
STU_0458,consistent,4.57,95.0,44,1.3,20,5,76.6,43.41,69.9,7.2,0,1,20.342612419700213,0,60.557142857142864,1
STU_0459,struggling,1.28,54.7,13,4.5,11,1,35.7,7.02,34.3,-1.64,1,0,39.63768115942029,0,22.47142857142857,0
STU_0460,overachiever,5.0,100.0,47,1.4,26,23,91.7,50.0,70.3,-3.48,1,1,19.607843137254903,0,88.24285714285713,0
STU_0461,consistent,5.03,75.1,32,3.0,23,14,85.8,37.8,79.3,11.56,0,1,14.639376218323585,0,63.6,1
STU_0462,struggling,0.89,51.6,8,5.2,7,1,53.1,4.58,25.8,-5.99,1,0,52.121212121212125,1,14.471428571428572,0
STU_0463,overachiever,7.08,90.5,48,1.1,25,26,85.9,64.07,81.8,4.82,0,1,12.604456824512535,0,91.25714285714285,1
STU_0464,consistent,3.73,61.6,44,1.8,26,11,80.3,22.98,57.1,1.46,0,1,16.08355091383812,0,72.9857142857143,1
STU_0465,overachiever,5.88,94.2,50,1.5,28,30,99.7,55.42,91.4,2.25,0,1,15.752508361204015,0,100.0,1
STU_0466,consistent,4.07,70.8,42,2.0,21,16,74.1,28.79,60.3,6.88,0,1,16.97841726618705,0,71.74285714285715,1
STU_0467,consistent,2.89,92.0,39,1.7,18,8,87.1,26.57,66.1,8.09,0,1,30.769230769230766,0,57.77142857142857,1
STU_0468,struggling,1.52,49.7,15,3.5,6,5,38.0,7.56,31.9,-2.06,1,0,30.679012345679013,0,23.357142857142858,0
STU_0469,consistent,5.34,69.1,30,2.7,20,10,69.0,36.89,62.4,7.07,0,1,12.702205882352942,0,54.714285714285715,1
STU_0470,consistent,3.96,66.7,43,2.5,22,14,77.3,26.41,60.1,5.12,0,1,16.42857142857143,0,71.4,1
STU_0471,consistent,4.38,82.3,35,1.5,23,16,75.4,36.07,63.5,7.72,0,1,18.370535714285715,0,68.14285714285714,1
STU_0472,overachiever,7.14,79.8,46,1.7,28,23,85.9,56.94,68.9,2.41,0,1,11.022099447513813,0,89.44285714285715,1
STU_0473,consistent,2.46,68.3,50,2.5,26,8,72.9,16.76,48.9,1.55,0,1,26.6796875,0,74.57142857142857,1
STU_0474,consistent,4.44,93.0,32,0.5,22,12,79.0,41.3,68.5,4.4,0,1,20.484581497797357,0,60.457142857142856,1
STU_0475,consistent,4.79,76.8,41,1.5,15,11,73.6,36.81,71.8,2.33,0,1,15.705521472392638,0,59.58571428571428,1
STU_0476,overachiever,5.82,94.5,46,0.9,29,30,92.7,55.01,83.8,2.32,0,1,15.962837837837839,0,97.94285714285715,1
STU_0477,consistent,4.09,64.2,38,2.3,23,13,82.9,26.24,56.1,3.46,0,1,15.322195704057282,0,67.32857142857142,1
STU_0478,struggling,1.1,44.0,11,2.0,10,2,50.8,4.83,29.8,-2.41,1,0,36.666666666666664,0,20.942857142857143,0
STU_0479,struggling,0.76,36.9,17,8.0,14,2,18.2,2.81,25.6,-4.31,1,0,42.906976744186046,1,29.742857142857144,0
STU_0480,overachiever,6.48,98.2,46,1.5,27,25,96.4,63.62,87.8,-0.9,1,1,14.924012158054712,0,90.58571428571429,0
STU_0481,consistent,2.78,70.0,35,1.7,16,5,84.9,19.44,52.3,6.38,0,1,24.305555555555557,0,49.35714285714286,1
STU_0482,overachiever,7.45,82.3,50,0.9,29,29,85.3,61.31,92.7,3.54,1,1,10.900662251655628,0,100.0,1
STU_0483,consistent,2.82,62.4,35,2.1,23,16,74.9,17.61,54.2,9.86,0,1,21.36986301369863,0,68.14285714285714,1
STU_0484,struggling,2.28,33.7,19,2.4,15,1,26.8,7.7,18.6,2.04,1,0,14.15966386554622,0,31.271428571428572,1
STU_0485,overachiever,6.33,85.8,49,1.5,30,23,90.7,54.34,73.5,4.92,0,1,13.343701399688959,0,93.84285714285714,1
STU_0486,consistent,3.78,87.3,35,2.2,21,5,74.7,33.03,63.9,4.42,0,1,22.5,0,54.35714285714286,1
STU_0487,consistent,4.52,75.9,41,1.2,25,5,79.4,34.35,60.9,-0.45,0,1,16.428571428571434,0,63.15714285714286,0
STU_0488,consistent,4.2,86.9,35,1.6,19,10,75.9,36.55,70.6,1.84,0,1,20.209302325581397,0,57.714285714285715,1
STU_0489,struggling,2.2,29.2,17,5.0,8,2,33.1,6.43,9.2,-0.59,1,0,12.695652173913041,1,23.742857142857144,0
STU_0490,overachiever,6.63,96.1,45,1.6,26,16,83.8,63.78,80.4,0.11,1,1,14.279346210995543,0,79.14285714285714,1
STU_0491,struggling,1.37,22.0,25,4.5,16,0,29.1,3.01,14.5,-7.29,1,0,14.965986394557822,0,36.0,0
STU_0492,consistent,3.87,93.5,42,2.0,23,14,75.8,36.24,62.7,7.06,0,1,23.551637279596974,0,71.6,1
STU_0493,consistent,4.67,75.2,48,0.8,15,9,69.4,35.16,63.5,5.31,0,1,15.765199161425578,0,63.042857142857144,1
STU_0494,consistent,4.87,60.2,42,1.8,22,12,75.0,29.36,54.5,2.43,0,1,12.11267605633803,0,68.45714285714286,1
STU_0495,consistent,4.43,75.9,34,2.0,25,11,67.7,33.61,67.2,3.42,0,1,16.754966887417222,0,63.98571428571429,1
STU_0496,overachiever,7.2,82.6,45,0.7,27,20,95.4,59.5,79.0,4.78,1,1,11.315068493150685,0,84.42857142857143,1
STU_0497,overachiever,6.36,71.2,42,1.0,29,25,85.4,45.28,72.8,3.03,1,1,11.021671826625388,0,89.38571428571429,1
STU_0498,consistent,3.44,65.5,37,1.1,24,14,81.7,22.53,55.6,11.0,0,1,18.502824858757062,0,68.6,1
STU_0499,consistent,5.36,63.9,45,3.1,21,7,75.0,34.28,61.0,4.89,0,1,11.703296703296703,0,64.5,1
STU_0500,consistent,3.99,90.9,45,1.5,24,12,83.1,36.26,66.0,3.4,0,1,22.224938875305625,0,72.85714285714286,1
STU_0501,consistent,3.86,91.4,38,2.0,25,19,76.1,35.31,69.5,5.25,0,1,23.080808080808083,0,75.75714285714285,1
STU_0502,struggling,1.87,38.6,4,6.5,5,0,51.9,7.22,32.6,-5.88,1,0,19.59390862944162,1,8.2,0
STU_0503,struggling,0.5,59.2,20,5.8,4,1,37.0,2.96,37.3,-7.15,1,0,98.66666666666667,1,21.071428571428573,0
STU_0504,consistent,3.37,67.2,50,2.7,24,10,78.0,22.63,56.5,6.32,0,1,19.365994236311238,0,74.71428571428572,1
STU_0505,overachiever,5.51,77.5,44,0.9,26,20,95.8,42.68,69.1,0.85,1,1,13.814616755793228,0,82.62857142857143,1
STU_0506,consistent,5.03,67.5,47,2.2,29,7,78.7,33.98,61.1,1.3,0,1,13.157894736842106,0,74.1,1
STU_0507,struggling,0.56,65.0,10,6.1,3,3,55.4,3.67,42.6,0.92,1,0,98.48484848484848,1,14.214285714285714,1
STU_0508,consistent,3.86,81.4,39,0.8,25,11,80.6,31.43,68.0,1.86,0,1,20.555555555555557,0,67.9857142857143,1
STU_0509,overachiever,6.82,86.2,50,1.3,28,22,89.8,58.8,80.2,0.97,1,1,12.45664739884393,0,91.57142857142857,1
STU_0510,consistent,5.58,64.2,40,1.4,18,15,82.4,35.81,74.6,2.48,0,1,11.302816901408452,0,66.07142857142857,1
STU_0511,overachiever,5.98,70.0,50,2.0,27,20,89.2,41.89,71.7,5.48,0,1,11.513157894736842,0,88.42857142857143,1
STU_0512,consistent,4.33,72.2,40,2.4,21,11,78.5,31.26,66.8,6.26,0,1,16.297968397291196,0,64.78571428571428,1
STU_0513,struggling,1.55,23.4,16,4.4,10,2,45.3,3.63,19.4,-4.69,1,0,14.18181818181818,0,24.942857142857143,0
STU_0514,struggling,1.38,36.1,18,4.8,3,0,31.2,4.99,28.6,1.15,1,0,24.391891891891895,0,17.4,1
STU_0515,overachiever,7.69,95.8,48,1.0,27,27,93.0,73.66,91.8,8.25,0,1,12.297817715019255,0,94.32857142857142,1
STU_0516,overachiever,6.24,91.8,47,1.9,27,30,82.4,57.32,81.0,6.34,0,1,14.479495268138802,0,96.74285714285713,1
STU_0517,struggling,0.5,36.5,14,2.6,13,1,31.7,1.82,24.1,-3.25,1,0,60.833333333333336,0,25.271428571428572,0
STU_0518,overachiever,6.51,77.7,45,0.5,29,17,95.5,50.52,82.8,5.54,1,1,11.754916792738276,0,83.21428571428571,1
STU_0519,struggling,0.58,40.2,16,7.0,8,0,39.3,2.32,24.6,-7.02,1,0,59.117647058823536,1,20.8,0
STU_0520,overachiever,6.04,82.8,41,0.5,30,21,90.9,50.02,71.7,2.99,1,1,13.485342019543975,0,85.3,1
STU_0521,struggling,1.7,41.7,10,4.4,8,1,42.6,7.08,31.9,-5.77,1,0,23.166666666666668,0,17.07142857142857,0
STU_0522,struggling,1.26,15.0,22,5.4,17,2,25.7,1.89,11.0,-1.43,1,0,11.029411764705882,1,36.74285714285715,0
STU_0523,consistent,4.29,78.2,38,2.3,23,9,77.7,33.54,64.3,0.13,0,1,17.813211845102508,0,63.042857142857144,1
STU_0524,consistent,3.64,62.9,26,1.8,21,11,81.1,22.89,56.1,8.07,0,1,16.818181818181817,0,53.58571428571429,1
STU_0525,consistent,4.17,71.7,47,3.6,23,24,70.0,29.88,60.8,5.35,0,1,16.791569086651055,0,86.3142857142857,1
STU_0526,overachiever,6.19,89.4,46,0.7,25,29,91.8,55.37,72.1,-2.97,0,1,14.213036565977744,0,92.87142857142858,0
STU_0527,overachiever,6.09,94.0,47,1.5,25,24,87.1,57.18,77.8,-2.67,0,1,15.185783521809372,0,88.3142857142857,0
STU_0528,struggling,1.99,30.0,17,3.0,8,2,40.4,5.96,31.5,-7.7,1,0,14.354066985645934,0,23.742857142857144,0
STU_0529,consistent,4.68,62.3,44,2.0,19,23,92.8,29.13,50.2,4.01,0,1,13.033472803347282,0,78.84285714285714,1
STU_0530,struggling,1.71,41.7,12,4.8,8,2,60.0,7.12,32.3,-3.11,1,0,23.03867403314917,0,19.74285714285714,0
STU_0531,struggling,2.84,15.0,14,6.8,3,0,33.5,4.26,25.7,-3.12,1,0,5.1020408163265305,1,14.200000000000001,0
STU_0532,struggling,1.65,29.9,2,6.0,10,0,25.2,4.94,22.3,-3.9,1,0,17.085714285714285,1,11.6,0
STU_0533,struggling,1.05,36.6,29,3.6,11,2,13.8,3.83,24.9,-1.98,1,0,31.82608695652174,0,36.34285714285714,0
STU_0534,struggling,0.64,32.9,17,3.2,3,3,17.1,2.11,16.4,4.78,1,0,44.45945945945946,0,19.814285714285717,1
STU_0535,consistent,3.29,81.3,34,3.3,15,8,72.8,26.72,58.9,8.25,0,0,23.98230088495575,0,50.77142857142857,1
STU_0536,struggling,1.27,18.5,10,4.1,7,1,27.1,2.34,15.9,-5.91,1,0,13.503649635036496,0,16.07142857142857,0
STU_0537,consistent,2.91,87.3,42,3.4,18,12,86.3,25.42,58.7,0.05,0,1,29.00332225913621,0,64.45714285714286,1
STU_0538,struggling,0.5,60.1,9,3.7,8,1,10.0,3.0,31.6,-8.2,1,0,100.16666666666667,0,16.271428571428572,0
STU_0539,overachiever,7.45,99.0,50,0.9,28,30,80.0,73.78,85.2,1.54,0,1,13.112582781456954,0,100.0,1
STU_0540,consistent,3.85,64.0,25,1.9,27,12,73.7,24.67,58.1,4.64,0,1,16.202531645569618,0,59.857142857142854,1
STU_0541,consistent,4.64,56.3,43,1.1,22,14,90.0,26.1,59.5,-0.26,0,1,11.87763713080169,0,71.4,0
STU_0542,struggling,1.68,29.2,10,6.3,7,1,44.0,4.9,24.5,4.68,1,0,16.40449438202247,1,16.07142857142857,1
STU_0543,struggling,2.36,21.0,24,8.0,13,2,19.1,4.96,14.0,-2.52,1,0,8.536585365853659,1,34.34285714285714,0
STU_0544,overachiever,5.62,76.0,43,1.0,26,26,92.7,42.71,68.8,1.63,1,1,13.286713286713287,0,88.25714285714285,1
STU_0545,struggling,3.05,32.9,4,4.7,13,2,60.0,10.01,41.3,-6.31,1,0,10.444444444444445,0,18.34285714285714,0
STU_0546,struggling,2.18,40.0,20,2.0,7,4,40.4,8.73,35.9,-3.28,1,0,17.543859649122805,0,27.285714285714285,0
STU_0547,struggling,1.57,27.6,8,7.6,16,2,37.0,4.32,28.5,-1.18,1,0,16.52694610778443,1,24.542857142857144,0
STU_0548,consistent,4.69,76.7,46,1.0,18,7,83.7,35.99,63.0,2.17,0,1,16.012526096033405,0,62.300000000000004,1
STU_0549,overachiever,5.35,83.9,41,0.9,27,19,97.5,44.92,75.6,8.54,1,1,15.394495412844039,0,80.15714285714286,1
STU_0550,overachiever,7.22,87.1,46,2.0,29,23,83.8,62.89,79.0,-3.9,1,1,11.898907103825136,0,90.44285714285715,0
STU_0551,struggling,0.99,33.9,16,7.9,5,0,27.6,3.36,23.8,-2.23,1,0,31.100917431192656,1,17.8,0
STU_0552,overachiever,7.26,96.5,50,1.0,27,24,92.5,70.11,93.8,4.59,0,1,13.111413043478262,0,92.71428571428571,1
STU_0553,struggling,1.25,50.3,17,7.3,14,5,35.9,6.26,35.3,-3.85,1,0,37.25925925925925,1,32.957142857142856,0
STU_0554,struggling,0.86,39.5,21,6.2,5,1,21.5,3.42,26.2,-2.01,1,0,41.145833333333336,1,22.871428571428574,0
STU_0555,struggling,2.7,30.8,4,3.7,15,4,19.0,8.29,28.5,-0.34,1,0,11.0,0,22.485714285714288,0
STU_0556,consistent,2.96,68.4,35,1.9,24,12,78.9,20.27,56.5,6.2,0,1,22.35294117647059,0,64.85714285714286,1
STU_0557,consistent,3.87,66.3,40,2.6,22,12,70.9,25.65,52.6,3.24,0,1,16.700251889168765,0,66.85714285714286,1
STU_0558,struggling,1.86,31.3,12,2.2,11,0,20.9,5.81,29.4,-6.86,1,0,15.969387755102039,0,20.6,0
STU_0559,struggling,1.36,27.6,21,3.7,8,1,41.6,3.74,25.5,-6.29,1,0,18.904109589041095,0,25.871428571428574,0
STU_0560,consistent,4.76,87.7,31,2.7,21,12,73.4,41.75,77.9,1.99,0,1,18.045267489711936,0,58.65714285714286,1
STU_0561,consistent,4.87,69.3,40,2.8,21,11,76.1,33.76,65.8,6.77,0,1,13.943661971830986,0,64.78571428571428,1
STU_0562,consistent,5.06,95.0,37,0.9,24,10,90.3,48.09,73.2,2.85,0,1,18.410852713178297,0,64.31428571428572,1
STU_0563,consistent,4.58,79.5,39,1.3,17,12,80.7,36.4,70.6,1.25,0,1,16.98717948717949,0,61.05714285714286,1
STU_0564,struggling,1.25,60.5,20,2.1,8,5,18.9,7.54,28.3,-6.79,1,0,44.81481481481481,0,29.357142857142858,0
STU_0565,overachiever,5.12,100.0,46,0.8,30,23,94.1,51.17,85.7,4.94,0,1,19.157088122605366,0,91.44285714285715,1
STU_0566,consistent,1.83,73.5,31,1.6,20,9,77.6,13.45,46.8,11.88,0,1,38.082901554404145,0,54.44285714285714,1
STU_0567,struggling,2.61,25.5,32,2.2,12,0,29.0,6.63,21.8,-7.26,1,0,9.40959409594096,0,37.6,0
STU_0568,struggling,1.31,56.4,24,5.0,17,2,34.0,7.42,33.0,-8.28,1,0,39.99999999999999,1,38.34285714285714,0
STU_0569,consistent,3.63,87.8,46,2.0,15,15,88.2,31.93,61.7,10.3,0,1,23.53887399463807,0,67.87142857142857,1
STU_0570,struggling,1.08,46.0,19,6.0,14,1,14.7,4.95,23.8,3.91,1,0,38.98305084745762,1,30.271428571428572,1
STU_0571,consistent,2.22,71.0,44,2.2,18,13,76.9,15.74,47.7,5.8,0,1,30.603448275862064,0,67.12857142857143,1
STU_0572,consistent,3.52,76.4,40,2.8,23,10,87.7,26.89,65.9,4.72,0,1,21.104972375690608,0,65.71428571428572,1
STU_0573,struggling,1.45,34.5,6,5.6,13,3,35.4,4.99,31.2,-6.75,1,0,22.258064516129032,1,21.014285714285712,0
STU_0574,consistent,3.17,82.0,48,1.7,26,14,78.1,25.97,63.3,1.43,0,1,25.07645259938838,0,79.4,1
STU_0575,consistent,3.42,71.5,34,1.5,21,13,87.0,24.47,56.9,3.15,0,1,20.3125,0,62.12857142857143,1
STU_0576,overachiever,5.0,94.8,44,1.6,28,23,91.7,47.42,82.3,4.07,1,1,18.58823529411765,0,87.84285714285714,1
STU_0577,overachiever,8.36,84.3,49,1.1,27,22,98.2,70.47,93.3,5.59,0,1,9.964539007092199,0,89.77142857142857,1
STU_0578,consistent,5.11,76.1,47,0.9,21,11,76.5,38.92,66.6,7.07,0,1,14.606525911708252,0,70.38571428571427,1
STU_0579,consistent,3.65,93.1,41,1.5,23,5,87.8,34.01,64.2,4.65,0,1,24.826666666666664,0,61.15714285714286,1
STU_0580,struggling,0.55,48.8,2,4.6,3,0,60.0,2.7,26.2,-1.3,1,0,75.07692307692307,0,4.6,0
STU_0581,overachiever,7.0,78.0,41,1.8,27,22,82.1,54.61,73.3,5.36,0,1,10.985915492957748,0,83.37142857142857,1
STU_0582,overachiever,8.18,78.3,47,1.4,25,29,90.7,64.04,83.9,0.45,1,1,9.456521739130435,0,93.67142857142856,1
STU_0583,overachiever,5.49,91.1,50,1.2,30,20,92.0,49.97,85.4,-0.71,0,1,16.29695885509839,0,91.42857142857143,0
STU_0584,consistent,2.53,77.6,34,2.2,24,14,69.7,19.66,51.6,6.08,0,1,29.50570342205323,0,66.2,1
STU_0585,consistent,3.65,76.8,42,1.9,22,13,65.6,28.04,55.0,1.15,0,1,20.48,0,69.52857142857144,1
STU_0586,overachiever,6.31,91.8,47,0.4,26,18,94.9,57.98,72.6,0.11,1,1,14.321372854914198,0,82.88571428571429,1
STU_0587,consistent,3.61,73.5,36,3.5,20,11,84.1,26.52,67.7,7.87,0,1,19.81132075471698,0,60.58571428571428,1
STU_0588,consistent,4.63,66.0,35,1.6,23,10,62.0,30.55,62.2,1.7,0,1,13.953488372093025,0,61.714285714285715,1
STU_0589,consistent,4.91,63.2,43,0.7,21,18,85.3,31.05,56.3,3.31,0,1,12.614770459081837,0,74.68571428571428,1
STU_0590,consistent,3.32,70.2,43,1.5,21,12,80.3,23.3,45.5,-0.49,0,1,20.526315789473685,0,68.25714285714285,0
STU_0591,consistent,4.49,78.9,38,2.6,24,12,63.5,35.41,57.2,0.7,0,1,17.189542483660134,0,67.25714285714285,1
STU_0592,struggling,1.78,55.9,15,3.6,12,0,46.5,9.95,40.7,-1.01,1,0,29.734042553191486,0,24.0,0
STU_0593,consistent,2.6,65.8,33,2.5,22,6,86.4,17.13,62.9,3.75,0,1,24.370370370370367,0,54.82857142857143,1
STU_0594,overachiever,7.51,91.4,43,1.9,29,20,99.8,68.72,85.1,3.77,0,1,12.010512483574246,0,84.82857142857142,1
STU_0595,struggling,0.5,44.1,12,4.9,13,3,30.6,2.2,27.2,-5.02,1,0,73.5,0,25.814285714285713,0
STU_0596,consistent,4.4,75.1,37,2.2,20,13,84.6,33.06,70.0,4.33,0,1,16.688888888888886,0,63.52857142857143,1
STU_0597,overachiever,5.95,93.7,44,1.5,25,25,89.4,55.79,65.8,-2.66,1,1,15.487603305785125,0,86.9857142857143,0
STU_0598,consistent,4.31,80.8,39,2.9,19,10,83.2,34.86,59.2,4.68,0,1,18.32199546485261,0,60.91428571428572,1
STU_0599,struggling,2.35,45.8,26,4.5,9,0,43.4,10.77,30.9,-2.25,1,0,18.693877551020407,0,29.8,0
STU_0600,struggling,1.41,24.1,32,4.3,14,1,36.9,3.4,17.6,-3.24,1,0,15.960264900662253,0,40.67142857142858,0
STU_0601,consistent,4.3,70.9,37,1.6,15,10,88.4,30.49,71.0,6.55,0,1,16.113636363636367,0,55.31428571428572,1
STU_0602,consistent,3.83,63.2,48,1.5,25,9,65.3,24.2,50.6,-0.3,0,1,16.081424936386767,0,73.04285714285714,0
STU_0603,struggling,1.84,28.1,11,6.0,9,3,40.4,5.18,18.2,-3.39,1,0,14.484536082474227,1,21.014285714285712,0
STU_0604,consistent,4.55,84.6,32,3.8,21,16,86.1,38.47,81.1,0.68,0,1,18.193548387096776,0,63.74285714285715,1
STU_0605,consistent,4.05,58.8,34,0.3,21,18,71.3,23.8,56.0,5.7,0,1,14.168674698795181,0,67.4857142857143,1
STU_0606,consistent,3.69,67.4,35,1.7,18,10,83.1,24.83,58.1,1.7,0,1,17.78364116094987,0,56.714285714285715,1
STU_0607,consistent,4.48,63.6,32,1.7,27,14,85.0,28.49,65.8,6.04,0,1,13.88646288209607,0,67.6,1
STU_0608,struggling,0.61,58.4,14,5.4,7,3,45.0,3.57,21.3,-6.16,1,0,82.25352112676056,1,21.414285714285715,0
STU_0609,struggling,1.57,38.9,11,5.4,15,2,50.8,6.12,31.6,-3.53,1,0,23.29341317365269,1,25.942857142857143,0
STU_0610,overachiever,6.52,81.7,45,0.9,28,26,90.4,53.32,76.6,-1.75,0,1,12.34138972809668,0,91.85714285714286,0
STU_0611,consistent,2.6,68.0,42,1.4,23,14,78.1,17.66,47.8,7.99,0,1,25.185185185185183,0,71.6,1
STU_0612,consistent,3.94,83.0,39,2.9,21,16,70.7,32.66,51.1,4.86,0,1,20.544554455445546,0,69.34285714285714,1
STU_0613,overachiever,7.36,98.0,50,1.3,28,28,82.2,72.11,84.7,5.1,1,1,13.136729222520108,0,98.0,1
STU_0614,struggling,1.73,15.0,11,6.8,9,0,25.3,2.6,26.9,1.04,1,0,8.19672131147541,1,17.8,1
STU_0615,consistent,5.12,79.8,37,2.3,24,11,82.3,40.92,74.1,7.47,0,1,15.28735632183908,0,65.38571428571429,1
STU_0616,overachiever,5.13,85.2,42,0.5,26,20,87.0,43.75,74.6,1.72,0,1,16.290630975143404,0,81.02857142857144,1
STU_0617,overachiever,6.29,90.6,41,0.0,28,30,93.7,56.95,80.9,1.99,1,1,14.178403755868544,0,92.94285714285714,1
STU_0618,overachiever,6.74,99.7,40,1.4,28,30,100.0,67.16,83.7,1.5,1,1,14.576023391812866,0,92.14285714285714,1
STU_0619,struggling,0.73,49.9,21,5.5,9,3,44.9,3.65,31.9,-3.83,1,0,60.12048192771084,1,29.014285714285716,0
STU_0620,consistent,3.66,82.1,46,3.0,19,14,67.0,30.05,63.6,11.75,0,1,21.835106382978722,0,70.80000000000001,1
STU_0621,struggling,1.3,54.8,7,3.6,16,0,10.0,7.13,28.5,-6.73,1,0,39.14285714285714,0,21.6,0
STU_0622,consistent,2.86,70.4,29,3.0,15,10,93.5,20.15,56.3,4.48,0,1,23.783783783783786,0,48.91428571428571,1
STU_0623,struggling,1.5,33.5,30,7.8,12,3,24.6,5.02,21.3,-8.49,1,0,20.9375,1,39.214285714285715,0
STU_0624,consistent,3.31,70.8,41,3.5,23,5,76.1,23.42,62.1,-0.17,0,1,20.762463343108504,0,61.15714285714286,0
STU_0625,consistent,3.49,69.3,50,1.3,23,12,99.5,24.21,64.0,12.59,0,1,19.303621169916433,0,75.85714285714286,1
STU_0626,overachiever,6.09,94.7,44,0.8,28,20,100.0,57.65,82.3,0.15,1,1,15.298869143780292,0,84.62857142857143,1
STU_0627,struggling,2.16,37.9,15,6.8,11,0,43.4,8.19,32.3,-6.35,1,0,16.769911504424776,1,23.0,0
STU_0628,consistent,4.33,81.7,31,1.6,19,14,69.2,35.34,60.2,4.1,0,1,18.442437923250566,0,58.8,1
STU_0629,consistent,3.96,77.1,50,3.2,16,12,67.2,30.55,56.8,1.42,0,1,18.99014778325123,0,68.85714285714286,1
STU_0630,consistent,3.0,79.5,35,1.6,18,11,74.2,23.88,51.3,7.84,0,1,25.64516129032258,0,57.785714285714285,1
STU_0631,consistent,4.46,81.0,38,1.2,19,13,75.8,36.09,57.1,6.78,0,1,17.763157894736842,0,63.32857142857143,1
STU_0632,consistent,3.45,86.6,46,1.0,29,19,71.3,29.9,62.6,5.77,0,1,24.394366197183096,0,86.15714285714286,1
STU_0633,overachiever,6.1,100.0,43,1.1,28,30,86.6,61.03,81.0,2.74,0,1,16.12903225806452,0,94.54285714285714,1
STU_0634,struggling,1.3,53.8,12,4.5,8,3,48.3,6.99,29.9,-1.97,1,0,38.42857142857142,0,20.814285714285713,0
STU_0635,consistent,2.53,84.0,37,2.6,25,6,69.3,21.24,54.2,2.01,0,0,31.93916349809886,0,61.02857142857143,1
STU_0636,struggling,1.98,40.2,15,4.1,10,2,44.2,7.98,29.9,-5.29,1,0,19.326923076923077,0,24.142857142857142,0
STU_0637,overachiever,6.66,91.8,45,1.2,29,19,91.7,61.08,81.4,2.35,0,1,13.579881656804734,0,85.35714285714286,1
STU_0638,struggling,2.44,40.3,17,6.5,3,0,53.7,9.85,43.2,-4.83,1,0,15.866141732283463,1,16.6,0
STU_0639,consistent,4.33,61.2,37,2.0,20,16,88.0,26.5,64.1,1.79,0,1,13.814898419864562,0,66.74285714285715,1
STU_0640,consistent,4.62,69.7,39,2.3,16,14,86.3,32.18,62.4,7.12,0,1,14.766949152542374,0,62.2,1
STU_0641,struggling,2.52,56.1,21,8.0,11,5,40.3,14.14,26.9,-4.64,1,0,21.412213740458014,1,33.15714285714286,0
STU_0642,struggling,1.11,40.4,24,5.6,5,0,38.7,4.48,30.0,-8.09,1,0,33.38842975206611,1,24.2,0
STU_0643,consistent,4.84,91.0,35,2.2,24,10,78.1,44.03,61.7,8.01,0,1,18.42105263157895,0,62.714285714285715,1
STU_0644,overachiever,7.11,85.1,48,0.4,26,24,96.0,60.53,81.2,5.36,0,1,11.803051317614424,0,90.11428571428571,1
STU_0645,overachiever,7.34,90.3,47,0.3,27,30,90.6,66.26,87.0,3.46,1,1,12.137096774193548,0,96.74285714285713,1
STU_0646,consistent,4.19,65.6,37,1.8,15,16,92.8,27.48,56.9,0.88,0,1,15.29137529137529,0,61.74285714285715,1
STU_0647,overachiever,7.53,97.8,46,1.2,30,17,87.3,73.65,89.4,1.07,0,1,12.817824377457406,0,85.01428571428572,1
STU_0648,consistent,2.99,75.6,50,2.2,19,6,96.0,22.58,56.2,4.8,0,1,24.466019417475724,0,65.42857142857143,1
STU_0649,struggling,0.89,23.1,13,4.8,8,2,36.2,2.05,18.1,-9.8,1,0,23.333333333333336,0,20.542857142857144,0
STU_0650,struggling,2.27,15.8,2,3.6,15,1,24.2,3.59,26.5,-5.7,1,0,6.666666666666667,0,17.67142857142857,0
STU_0651,overachiever,5.83,92.8,45,0.8,27,29,89.6,54.09,68.7,6.01,1,1,15.649241146711637,0,94.07142857142857,1
STU_0652,struggling,1.45,37.8,19,5.1,12,1,30.3,5.47,23.9,-5.58,1,0,24.387096774193544,1,28.271428571428572,0
STU_0653,struggling,0.5,37.1,10,5.0,16,0,29.4,1.86,24.2,-1.52,1,0,61.833333333333336,1,24.0,0
STU_0654,overachiever,5.8,92.6,45,0.2,26,20,97.8,53.71,77.8,-1.57,0,1,15.694915254237289,0,83.42857142857143,0
STU_0655,consistent,5.52,73.9,46,2.0,21,11,76.1,40.76,69.9,9.12,0,1,13.149466192170822,0,69.58571428571429,1
STU_0656,consistent,3.44,79.1,35,1.6,23,12,75.5,27.23,61.0,12.52,0,1,22.34463276836158,0,63.857142857142854,1
STU_0657,struggling,1.3,15.7,16,5.1,13,3,34.0,2.04,19.8,-2.65,1,0,11.214285714285714,1,29.014285714285716,0
STU_0658,struggling,2.6,49.1,16,7.5,7,4,45.5,12.78,42.4,-4.64,1,0,18.185185185185183,1,24.085714285714285,0
STU_0659,struggling,0.6,35.1,15,5.8,16,0,27.9,2.09,13.3,-0.68,1,0,50.142857142857146,1,28.0,0
STU_0660,struggling,0.72,39.9,4,5.0,14,3,54.7,2.85,28.8,-0.21,1,0,48.65853658536585,1,20.414285714285715,0
STU_0661,consistent,3.79,77.8,34,1.2,20,8,85.5,29.51,60.2,7.1,0,1,20.0,0,55.77142857142857,1
STU_0662,struggling,1.49,39.1,7,4.7,14,3,49.3,5.83,36.1,-2.69,1,0,24.59119496855346,0,22.814285714285717,0
STU_0663,consistent,4.58,93.2,39,2.5,29,19,75.3,42.64,70.7,6.16,0,1,19.914529914529915,0,80.55714285714286,1
STU_0664,overachiever,6.24,87.5,48,0.2,30,25,96.4,54.62,77.8,4.71,1,1,13.801261829652997,0,95.18571428571428,1
STU_0665,consistent,3.86,92.1,50,1.7,21,11,79.4,35.57,63.4,1.74,0,1,23.257575757575758,0,72.78571428571428,1
STU_0666,struggling,2.25,52.6,21,5.0,7,1,10.0,11.84,27.1,-3.63,1,0,22.382978723404253,1,24.871428571428574,0
STU_0667,consistent,4.82,67.6,33,1.4,20,11,84.0,32.58,57.7,10.94,0,1,13.739837398373982,0,58.18571428571428,1
STU_0668,struggling,0.76,28.3,11,3.9,3,0,37.7,2.17,29.6,-6.78,1,0,32.906976744186046,0,11.8,0
STU_0669,consistent,3.66,75.4,39,1.4,22,14,80.7,27.6,68.3,3.91,0,1,20.0531914893617,0,68.2,1
STU_0670,consistent,6.35,82.2,50,3.1,22,11,81.9,52.26,66.0,5.05,0,1,12.74418604651163,0,73.78571428571428,1
STU_0671,struggling,1.21,32.8,9,5.8,6,3,19.5,3.97,17.1,-1.41,1,0,25.038167938931295,1,16.41428571428571,0
STU_0672,consistent,3.6,86.8,47,2.7,21,7,82.4,31.22,75.3,2.72,0,1,23.459459459459456,0,66.1,1
STU_0673,consistent,4.48,84.4,37,3.2,26,14,73.7,37.8,60.3,10.94,0,1,18.427947598253276,0,70.6,1
STU_0674,struggling,1.82,47.3,19,5.6,11,1,46.2,8.63,31.5,-4.75,1,0,24.635416666666664,1,27.271428571428572,0
STU_0675,consistent,4.43,79.6,41,1.8,27,10,81.7,35.21,71.9,3.14,0,1,17.571743929359826,0,70.5142857142857,1
STU_0676,struggling,2.47,41.7,18,7.0,12,1,27.4,10.31,31.1,-6.32,1,0,16.22568093385214,1,27.471428571428568,0
STU_0677,overachiever,7.04,76.0,48,0.1,24,26,90.6,53.48,77.0,4.35,1,1,10.644257703081234,0,90.25714285714285,1
STU_0678,consistent,3.28,50.0,43,0.6,20,6,73.1,16.41,45.3,0.78,0,1,14.792899408284024,0,60.82857142857143,1
STU_0679,struggling,1.82,28.9,11,5.4,9,0,25.7,5.27,27.2,1.29,1,0,15.052083333333332,1,17.8,1
STU_0680,overachiever,8.27,97.1,48,1.1,29,23,88.4,80.31,95.4,0.63,1,1,11.600955794504182,0,92.04285714285714,1
STU_0681,struggling,0.78,27.3,23,3.6,12,1,25.1,2.14,17.2,-5.4,1,0,31.022727272727273,0,31.471428571428575,0
STU_0682,consistent,3.06,63.5,50,1.3,20,10,77.4,19.4,56.2,7.84,0,1,20.094936708860757,0,70.71428571428572,1
STU_0683,struggling,2.4,26.7,25,4.9,13,1,35.3,6.41,16.5,-1.89,1,0,10.68,0,34.07142857142857,0
STU_0684,consistent,3.55,71.9,37,1.5,23,13,89.8,25.54,65.0,4.21,0,1,19.698630136986303,0,66.52857142857144,1
STU_0685,struggling,1.41,35.5,18,3.4,3,2,29.9,5.02,25.4,-3.74,1,0,23.509933774834437,0,19.54285714285714,0
STU_0686,struggling,2.03,41.2,9,2.0,6,0,37.5,8.35,29.6,1.23,1,0,19.34272300469484,0,13.2,1
STU_0687,consistent,4.74,89.8,39,0.9,27,5,81.9,42.55,66.5,6.83,0,1,18.553719008264462,0,63.557142857142864,1
STU_0688,struggling,1.45,30.5,23,4.4,3,3,17.2,4.42,24.5,-3.74,1,0,19.677419354838708,0,24.614285714285717,0
STU_0689,consistent,2.97,62.0,27,1.7,20,17,79.7,18.42,59.2,10.79,0,1,20.19543973941368,0,59.81428571428572,1
STU_0690,struggling,1.74,63.0,2,3.3,11,3,45.3,10.96,41.1,-6.6,1,0,34.23913043478261,0,15.814285714285713,0
STU_0691,consistent,3.89,69.7,47,1.3,19,7,74.2,27.12,59.1,3.46,0,1,17.468671679197996,0,64.1,1
STU_0692,struggling,2.32,33.0,6,5.0,15,0,27.3,7.67,21.0,-10.46,1,0,13.636363636363637,1,19.8,0
STU_0693,consistent,3.79,74.5,36,2.4,20,14,81.0,28.25,64.0,0.64,0,1,19.151670951156813,0,63.8,1
STU_0694,struggling,0.77,49.8,18,5.3,12,0,24.8,3.85,27.5,0.34,1,0,57.241379310344826,1,26.4,1
STU_0695,consistent,4.76,58.1,33,1.7,22,7,74.9,27.65,62.0,4.87,0,1,11.954732510288068,0,55.900000000000006,1
STU_0696,consistent,4.19,50.0,35,1.7,18,12,92.0,20.94,62.6,1.06,0,1,11.655011655011656,0,58.857142857142854,1
STU_0697,consistent,3.6,68.3,40,0.8,22,14,85.2,24.63,53.1,5.74,0,1,18.459459459459456,0,69.0,1
STU_0698,consistent,4.86,66.5,45,2.6,20,7,94.8,32.29,63.2,9.31,0,1,13.40725806451613,0,63.5,1
STU_0699,overachiever,6.51,82.6,47,0.2,30,16,93.1,53.79,75.7,5.31,0,1,12.496217851739788,0,84.74285714285713,1
STU_0700,overachiever,5.0,79.7,46,1.8,28,24,84.4,39.87,77.1,-0.02,1,1,15.627450980392158,0,90.51428571428572,0
STU_0701,struggling,1.1,53.4,2,4.0,10,1,19.0,5.87,32.7,-4.33,1,0,44.49999999999999,0,12.67142857142857,0
STU_0702,struggling,1.01,29.5,19,3.8,16,3,32.4,2.98,26.8,-5.5,1,0,26.576576576576574,0,34.41428571428571,0
STU_0703,consistent,3.84,91.5,44,2.6,24,7,92.9,35.13,75.0,8.04,0,1,23.22335025380711,0,66.7,1
STU_0704,consistent,3.39,72.0,49,2.0,19,13,74.2,24.41,50.5,4.26,0,1,20.630372492836674,0,72.12857142857143,1
STU_0705,struggling,1.88,32.1,6,4.2,8,5,51.3,6.05,20.3,-8.64,1,0,16.212121212121215,0,18.15714285714286,0
STU_0706,consistent,4.3,76.7,49,2.2,22,12,76.8,32.95,54.9,13.13,0,1,17.431818181818183,0,74.05714285714285,1
STU_0707,overachiever,5.66,100.0,45,1.1,30,26,95.2,56.56,85.8,2.07,1,1,17.36111111111111,0,93.85714285714286,1
STU_0708,consistent,3.57,82.0,44,3.3,20,17,62.7,29.32,52.7,7.42,0,1,22.3433242506812,0,73.41428571428571,1
STU_0709,consistent,5.17,74.7,50,0.6,25,15,85.6,38.65,66.7,4.13,0,1,14.174573055028464,0,81.07142857142857,1
STU_0710,struggling,1.74,43.6,9,5.5,8,3,48.3,7.58,25.3,2.65,1,0,23.695652173913043,1,18.41428571428571,1
STU_0711,overachiever,6.58,83.5,46,1.8,26,20,92.6,55.01,76.0,4.26,1,1,12.5,0,84.22857142857143,1
STU_0712,overachiever,5.43,85.8,47,0.3,26,20,87.8,46.55,74.5,6.26,0,1,15.515370705244123,0,85.02857142857142,1
STU_0713,struggling,2.65,16.9,19,4.7,8,2,36.9,4.48,25.5,-5.74,1,0,6.145454545454545,0,25.34285714285714,0
STU_0714,struggling,2.18,51.2,17,4.2,12,0,46.2,11.17,36.6,-1.54,1,0,22.45614035087719,0,25.6,0
STU_0715,consistent,4.51,72.3,41,1.3,21,10,85.6,32.63,62.3,4.81,0,1,15.683297180043386,0,64.5142857142857,1
STU_0716,consistent,4.22,84.9,43,3.8,19,11,79.1,35.84,65.1,4.8,0,1,19.652777777777782,0,65.18571428571428,1
STU_0717,struggling,1.75,46.5,6,3.7,6,0,20.5,8.15,32.4,2.16,1,0,25.135135135135133,0,10.8,1
STU_0718,consistent,3.45,69.9,47,1.4,25,13,86.1,24.11,51.8,3.19,0,1,19.690140845070424,0,76.52857142857142,1
STU_0719,struggling,3.48,35.7,10,5.5,11,0,28.0,12.43,32.6,-0.14,1,0,9.972067039106145,1,19.0,0
STU_0720,overachiever,5.37,97.1,42,1.6,29,23,82.5,52.12,83.4,5.99,0,1,17.751371115173676,0,87.24285714285715,1
STU_0721,consistent,3.89,80.8,36,1.0,20,9,72.0,31.45,74.3,8.77,0,1,20.250626566416038,0,58.44285714285714,1
STU_0722,overachiever,6.77,92.0,46,1.5,28,22,90.3,62.23,79.6,2.9,0,1,13.391557496360992,0,88.37142857142857,1
STU_0723,struggling,0.62,55.5,12,5.9,10,2,24.1,3.44,22.1,-2.18,1,0,77.08333333333334,1,21.74285714285714,0
STU_0724,consistent,4.73,74.1,44,0.0,18,12,60.0,35.03,68.2,1.62,0,1,15.341614906832296,0,66.05714285714285,1
STU_0725,consistent,2.84,79.4,42,1.2,24,15,89.0,22.6,61.0,0.75,0,1,27.006802721088437,0,73.67142857142858,1
STU_0726,overachiever,5.81,83.4,45,1.2,28,30,92.3,48.48,78.7,2.27,1,1,14.111675126903556,0,96.14285714285714,1
STU_0727,struggling,2.54,34.2,9,4.0,5,2,30.2,8.7,31.5,0.02,1,0,12.954545454545455,0,14.342857142857142,1
STU_0728,struggling,1.04,33.9,15,5.5,12,2,23.1,3.53,13.8,-6.79,1,0,29.736842105263154,1,26.142857142857142,0
STU_0729,consistent,3.27,74.8,35,2.2,21,10,83.7,24.46,60.7,4.91,0,1,22.195845697329375,0,59.714285714285715,1
STU_0730,overachiever,7.81,94.4,44,2.3,26,30,93.6,73.7,98.1,4.4,0,1,11.934260429835653,0,93.34285714285714,1
STU_0731,consistent,5.02,80.7,40,3.2,25,10,77.5,40.53,70.0,4.66,0,1,15.761718750000004,0,67.71428571428572,1
STU_0732,overachiever,5.35,84.9,47,1.1,30,21,93.0,45.4,85.7,-3.44,0,1,15.57798165137615,0,90.1,0
STU_0733,struggling,2.38,15.0,15,3.3,7,4,26.6,3.57,15.3,-1.26,1,0,6.048387096774194,0,23.285714285714285,0
STU_0734,struggling,0.5,23.2,14,8.0,9,0,32.6,1.16,22.5,-1.14,1,0,38.666666666666664,1,20.200000000000003,0
STU_0735,consistent,4.1,59.2,36,1.3,20,14,72.7,24.28,51.5,5.68,0,1,14.095238095238098,0,63.8,1
STU_0736,consistent,4.15,65.1,40,2.1,24,8,68.0,26.99,56.7,8.49,0,1,15.317647058823528,0,64.57142857142857,1
STU_0737,overachiever,7.95,90.8,45,1.5,24,27,92.5,72.17,84.6,3.08,1,1,11.279503105590061,0,88.92857142857143,1
STU_0738,overachiever,7.28,84.6,48,0.3,25,19,91.4,61.55,76.8,3.32,1,1,11.463414634146341,0,83.75714285714285,1
STU_0739,overachiever,7.03,87.0,47,1.1,28,24,97.4,61.12,79.5,3.31,1,1,12.201963534361852,0,91.3142857142857,1
STU_0740,overachiever,6.47,83.9,42,0.8,26,25,81.2,54.29,75.4,1.89,0,1,12.770167427701676,0,86.38571428571429,1
STU_0741,struggling,1.19,52.8,2,2.8,9,1,43.0,6.25,29.8,-3.28,1,0,40.93023255813953,0,11.67142857142857,0
STU_0742,consistent,3.81,75.1,46,1.1,21,10,83.3,28.65,66.4,7.64,0,1,19.20716112531969,0,68.51428571428572,1
STU_0743,overachiever,6.72,86.7,47,1.1,30,26,82.9,58.32,73.3,-2.85,0,1,12.712609970674489,0,95.45714285714286,0
STU_0744,overachiever,6.1,77.6,46,0.4,29,20,93.9,47.39,75.1,3.4,1,1,12.516129032258066,0,87.22857142857143,1
STU_0745,consistent,2.55,65.0,33,2.2,22,9,84.4,16.57,39.1,5.12,0,1,24.528301886792455,0,58.042857142857144,1
STU_0746,struggling,2.72,48.7,8,4.8,15,2,28.5,13.25,32.1,-5.41,1,0,17.26950354609929,0,23.542857142857144,0
STU_0747,struggling,0.5,55.3,15,6.4,9,0,36.2,2.77,31.2,0.08,1,0,92.16666666666667,1,21.0,1
STU_0748,overachiever,7.05,94.6,48,1.0,28,24,91.6,66.67,89.4,0.08,1,1,13.230769230769232,0,92.11428571428571,1
STU_0749,struggling,3.04,41.0,2,6.9,6,1,28.5,12.47,32.0,-2.16,1,0,13.05732484076433,1,8.67142857142857,0
STU_0750,struggling,1.78,34.3,9,6.1,9,2,38.6,6.11,33.0,-4.46,1,0,18.244680851063826,1,18.34285714285714,0
STU_0751,struggling,1.35,24.0,2,6.5,11,3,41.5,3.23,20.9,-5.3,1,0,16.551724137931032,1,15.814285714285713,0
STU_0752,overachiever,5.39,81.8,38,1.2,25,26,98.5,44.06,76.1,4.74,1,1,14.899817850637524,0,83.25714285714285,1
STU_0753,consistent,3.78,95.0,30,1.8,21,14,78.8,35.93,85.9,6.37,0,1,24.48453608247423,0,60.0,1
STU_0754,overachiever,6.17,80.6,41,0.7,30,28,92.6,49.76,76.6,3.21,1,1,12.854864433811802,0,92.8,1
STU_0755,struggling,1.37,39.0,2,4.7,5,0,45.0,5.33,34.0,-8.43,1,0,26.530612244897956,0,6.6,0
STU_0756,consistent,4.25,65.0,40,1.0,24,16,66.8,27.6,53.2,0.44,0,0,14.942528735632186,0,73.14285714285714,1
STU_0757,struggling,0.8,51.3,16,3.5,3,1,27.4,4.09,40.3,-1.59,1,0,56.99999999999999,0,16.871428571428574,0
STU_0758,struggling,1.71,62.1,21,5.6,3,2,11.7,10.65,41.4,-3.61,1,0,34.30939226519337,1,21.942857142857143,0
STU_0759,struggling,1.05,36.8,7,8.0,6,3,37.9,3.87,30.4,-4.56,1,0,31.999999999999993,1,14.814285714285715,0
STU_0760,overachiever,6.17,93.2,46,0.6,24,30,99.2,57.49,84.3,1.52,1,1,14.864433811802234,0,92.94285714285715,1
STU_0761,consistent,4.63,79.6,44,1.9,25,10,94.1,36.86,73.2,7.17,0,1,16.82875264270613,0,70.91428571428571,1
STU_0762,overachiever,6.62,86.8,47,1.2,25,16,100.0,57.45,82.9,2.22,0,1,12.916666666666666,0,79.74285714285713,1
STU_0763,consistent,4.47,87.8,30,1.6,24,20,83.4,39.24,74.5,4.83,0,1,19.212253829321664,0,69.42857142857143,1
STU_0764,consistent,4.49,63.9,38,2.6,18,13,84.7,28.69,63.3,5.32,0,1,13.92156862745098,0,62.32857142857143,1
STU_0765,overachiever,6.19,81.6,47,0.0,27,18,91.1,50.51,71.0,4.98,1,1,12.972972972972972,0,83.88571428571429,1
STU_0766,struggling,1.59,22.5,28,5.6,4,2,27.9,3.57,20.3,0.72,1,0,13.31360946745562,1,28.542857142857144,1
STU_0767,overachiever,6.9,76.7,46,1.7,28,25,94.2,52.89,78.7,3.88,1,1,10.957142857142857,0,91.58571428571429,1
STU_0768,struggling,0.5,59.9,5,8.0,4,3,60.0,3.0,32.9,-5.92,1,0,99.83333333333333,1,11.214285714285714,0
STU_0769,consistent,4.23,84.4,36,1.3,21,15,84.9,35.72,63.1,-0.34,0,1,19.4919168591224,0,65.87142857142857,0
STU_0770,struggling,2.07,28.9,16,4.7,9,0,56.1,5.98,28.7,-7.69,1,0,13.317972350230415,0,21.8,0
STU_0771,overachiever,6.65,82.0,48,2.3,28,16,88.1,54.56,79.3,4.34,1,1,12.148148148148149,0,83.54285714285714,1
STU_0772,consistent,4.81,75.2,34,3.3,15,13,74.0,36.16,58.6,7.97,0,1,15.315682281059066,0,56.12857142857143,1
STU_0773,overachiever,5.23,97.1,48,0.9,27,22,84.3,50.75,74.5,2.46,1,1,18.21763602251407,0,88.97142857142856,1
STU_0774,struggling,2.2,42.5,13,6.6,8,3,34.5,9.35,43.2,-6.91,1,0,18.478260869565215,1,21.614285714285714,0
STU_0775,struggling,1.9,31.3,25,3.5,7,0,33.6,5.95,30.6,-2.39,1,0,15.65,0,27.0,0
STU_0776,struggling,1.32,15.0,9,8.0,17,1,27.9,1.97,13.7,-1.66,1,0,10.56338028169014,1,25.271428571428572,0
STU_0777,consistent,4.0,80.8,41,2.4,22,8,76.5,32.36,70.1,3.1,0,1,19.70731707317073,0,63.37142857142857,1
STU_0778,overachiever,6.37,86.8,44,0.3,26,22,98.1,55.3,76.2,-0.65,1,1,13.415765069551778,0,84.77142857142857,0
STU_0779,overachiever,7.87,96.0,45,1.4,29,27,94.6,75.55,89.7,1.04,1,1,12.04516938519448,0,93.92857142857143,1
STU_0780,struggling,1.77,31.2,11,5.0,10,1,16.4,5.53,18.5,-3.86,1,0,16.684491978609625,1,19.871428571428574,0
STU_0781,overachiever,7.25,89.3,45,2.3,30,22,91.5,64.76,86.6,2.8,0,1,12.149659863945578,0,89.57142857142857,1
STU_0782,overachiever,5.0,88.1,50,1.5,24,21,94.2,44.06,76.2,3.64,1,1,17.274509803921568,0,86.5,1
STU_0783,consistent,4.01,65.1,26,2.3,20,5,81.4,26.14,61.5,4.2,0,1,15.83941605839416,0,46.15714285714286,1
STU_0784,struggling,0.85,41.2,13,5.9,7,2,32.7,3.51,38.9,-4.95,1,0,43.36842105263158,1,19.542857142857144,0
STU_0785,consistent,3.65,85.5,33,2.3,19,22,76.9,31.21,66.3,6.84,0,1,22.8,0,68.97142857142858,1
STU_0786,struggling,0.98,15.0,24,4.6,12,5,21.4,1.47,13.7,-1.15,1,0,13.888888888888888,0,36.55714285714286,0
STU_0787,struggling,0.95,48.3,12,6.8,10,1,47.3,4.58,37.4,-2.06,1,0,45.99999999999999,1,20.67142857142857,0
STU_0788,struggling,1.53,37.7,4,6.6,4,1,21.4,5.78,26.3,-6.16,1,0,23.12883435582822,1,8.271428571428572,0
STU_0789,consistent,5.29,67.3,46,2.1,16,5,82.0,35.62,63.4,5.74,0,1,12.4860853432282,0,58.15714285714286,1
STU_0790,struggling,1.19,25.1,24,6.3,9,1,43.5,2.99,31.9,1.33,1,0,19.45736434108527,1,29.271428571428572,1
STU_0791,struggling,1.27,50.3,7,4.0,13,3,39.6,6.4,41.0,-4.2,1,0,36.71532846715328,0,21.814285714285717,0
STU_0792,overachiever,7.0,86.6,43,1.6,30,25,98.4,60.57,77.1,4.61,0,1,12.19718309859155,0,91.18571428571428,1
STU_0793,struggling,1.64,15.0,16,5.1,8,2,41.6,2.46,23.7,-4.48,1,0,8.620689655172415,1,22.942857142857143,0
STU_0794,overachiever,6.47,94.3,50,0.5,25,30,91.5,61.06,79.0,2.42,1,1,14.353120243531203,0,97.14285714285714,1
STU_0795,consistent,5.4,81.6,41,2.3,19,11,91.3,44.05,70.2,1.5,0,1,14.836363636363636,0,63.58571428571428,1
STU_0796,consistent,4.3,66.2,46,0.7,24,12,87.7,28.44,50.7,-0.17,0,1,15.045454545454549,0,73.65714285714286,0
STU_0797,overachiever,6.14,87.1,47,0.3,26,24,84.2,53.46,75.0,-1.21,1,1,13.958333333333334,0,89.3142857142857,0
STU_0798,struggling,0.97,58.2,16,6.3,7,1,59.6,5.67,37.8,-9.86,1,0,54.39252336448598,1,20.871428571428574,0
STU_0799,struggling,1.88,49.3,17,5.7,6,2,51.2,9.27,36.3,-9.52,1,0,24.898989898989896,1,21.742857142857144,0
STU_0800,struggling,0.67,46.9,14,4.3,10,2,47.2,3.14,34.8,-5.13,1,0,60.90909090909091,0,23.34285714285714,0
STU_0801,struggling,1.13,25.4,21,5.8,3,2,21.6,2.87,21.6,-6.96,1,0,20.65040650406504,1,21.942857142857143,0
STU_0802,struggling,0.66,42.7,20,4.6,7,0,43.2,2.81,26.2,-3.81,1,0,56.184210526315795,0,23.0,0
STU_0803,consistent,4.95,72.0,42,1.9,18,7,84.2,35.65,69.5,7.81,0,1,14.257425742574258,0,59.1,1
STU_0804,overachiever,6.82,73.9,44,1.2,29,24,94.4,50.4,77.4,8.41,1,1,10.679190751445088,0,89.91428571428571,1
STU_0805,overachiever,6.29,88.6,48,1.3,30,25,93.9,55.67,76.1,5.73,0,1,13.865414710485133,0,95.18571428571428,1
STU_0806,consistent,4.41,62.5,37,1.5,24,14,76.1,27.6,57.8,3.36,0,1,13.85809312638581,0,68.6,1
STU_0807,struggling,1.76,42.9,15,5.1,8,3,22.9,7.55,35.1,-5.26,1,0,23.064516129032256,1,23.214285714285715,0
STU_0808,struggling,0.5,16.0,13,4.0,10,0,37.5,0.8,6.8,-3.11,1,0,26.666666666666668,0,20.4,0
STU_0809,consistent,5.11,72.2,34,2.2,23,24,70.7,36.91,69.0,4.69,0,1,13.857965451055662,0,75.91428571428571,1
STU_0810,consistent,4.37,71.7,38,1.0,20,5,84.5,31.32,61.2,7.94,0,1,16.04026845637584,0,55.75714285714285,1
STU_0811,struggling,1.89,43.6,12,6.0,8,0,44.9,8.23,29.3,-1.36,1,0,21.90954773869347,1,17.6,0
STU_0812,struggling,1.87,43.7,6,5.9,10,0,33.6,8.17,32.5,-5.27,1,0,22.18274111675127,1,14.8,0
STU_0813,consistent,4.97,79.0,35,2.7,16,14,74.1,39.23,74.5,6.67,0,1,15.581854043392507,0,59.0,1
STU_0814,struggling,0.74,38.5,6,6.0,8,0,18.8,2.84,22.8,-5.1,1,0,45.833333333333336,1,12.8,0
STU_0815,consistent,1.5,82.9,42,3.1,20,12,63.3,12.44,54.7,0.61,0,1,51.8125,0,66.45714285714286,1
STU_0816,consistent,3.88,78.5,34,1.9,22,13,78.4,30.48,65.4,5.71,0,1,19.723618090452263,0,63.12857142857143,1
STU_0817,consistent,4.23,72.5,30,0.8,18,10,76.8,30.63,65.8,4.18,0,1,16.74364896073903,0,52.714285714285715,1
STU_0818,overachiever,7.03,77.2,45,1.3,30,22,94.7,54.29,85.3,-2.01,1,1,10.82748948106592,0,89.57142857142857,0
STU_0819,struggling,1.71,39.4,20,4.7,15,1,31.3,6.75,33.0,-4.68,1,0,21.76795580110497,0,32.07142857142857,0
STU_0820,consistent,3.73,61.6,43,3.1,24,9,71.0,22.99,53.6,4.61,0,1,16.08355091383812,0,68.04285714285714,1
STU_0821,consistent,4.93,90.9,35,2.6,25,13,86.1,44.84,63.6,4.53,0,1,18.071570576540758,0,66.92857142857143,1
STU_0822,overachiever,7.44,86.1,43,1.4,30,20,93.0,64.02,81.5,-3.1,0,1,11.419098143236074,0,85.82857142857142,0
STU_0823,overachiever,7.58,83.5,50,1.3,28,20,98.4,63.23,82.0,1.96,1,1,10.872395833333334,0,89.42857142857143,1
STU_0824,consistent,4.14,75.5,47,1.9,30,9,64.8,31.22,64.5,0.49,0,1,17.806603773584907,0,77.24285714285713,1
STU_0825,struggling,2.39,39.3,13,6.3,5,1,40.1,9.4,31.6,-9.23,1,0,15.78313253012048,1,16.47142857142857,0
STU_0826,overachiever,6.21,91.6,47,0.9,25,19,98.3,56.87,84.5,-0.69,1,1,14.516640253565768,0,82.95714285714286,0
STU_0827,struggling,0.85,53.6,17,6.7,3,0,48.0,4.55,35.8,-9.09,1,0,56.42105263157895,1,16.6,0
STU_0828,struggling,1.42,59.3,13,5.5,8,5,51.5,8.44,49.7,-4.39,1,0,39.01315789473684,1,23.75714285714286,0
STU_0829,consistent,4.27,82.4,43,0.4,19,10,76.3,35.22,64.8,8.2,0,1,18.855835240274605,0,64.11428571428571,1
STU_0830,consistent,4.59,88.8,34,1.7,23,18,86.1,40.72,73.2,10.54,0,1,18.93390191897655,0,69.4857142857143,1
STU_0831,overachiever,6.28,81.3,50,1.3,29,24,96.2,51.02,75.7,-4.58,1,1,12.742946708463949,0,94.71428571428571,0
STU_0832,struggling,1.55,47.9,21,5.9,16,3,46.5,7.43,35.7,-4.4,1,0,29.030303030303028,1,36.01428571428572,0
STU_0833,overachiever,5.28,84.3,46,1.7,29,23,88.9,44.51,71.7,-0.47,0,1,15.66914498141264,0,90.44285714285715,0
STU_0834,struggling,1.33,34.2,10,5.6,10,3,42.9,4.54,30.5,-4.89,1,0,23.916083916083917,1,21.214285714285715,0
STU_0835,overachiever,7.21,97.6,44,2.1,30,22,90.5,70.38,89.5,2.82,0,1,13.3515731874145,0,88.77142857142857,1
STU_0836,struggling,1.27,35.0,5,7.4,14,1,29.2,4.46,30.8,-1.58,1,0,25.54744525547445,1,19.07142857142857,0
STU_0837,consistent,3.86,74.3,29,2.3,26,8,79.3,28.72,52.0,6.85,0,1,18.762626262626263,0,57.77142857142857,1
STU_0838,consistent,5.17,59.8,37,3.9,21,10,81.4,30.87,67.2,2.18,0,1,11.347248576850095,0,61.31428571428572,1
STU_0839,consistent,3.1,58.0,46,0.5,24,6,82.0,17.98,47.4,8.64,0,1,18.125,0,67.22857142857143,1
STU_0840,overachiever,7.27,74.8,48,1.7,26,21,89.9,54.41,71.8,-2.48,1,1,10.149253731343284,0,86.9,0
STU_0841,consistent,4.01,59.0,35,2.0,25,6,72.8,23.66,58.7,9.41,0,1,14.355231143552313,0,59.42857142857143,1
STU_0842,overachiever,5.83,79.5,49,1.2,25,22,91.9,46.35,69.7,3.44,0,1,13.406408094435077,0,87.77142857142857,1
STU_0843,overachiever,7.56,76.3,44,2.0,25,24,89.8,57.69,76.4,-0.19,0,1,9.960835509138382,0,85.91428571428571,0
STU_0844,overachiever,8.71,86.2,41,1.9,26,20,95.1,75.15,91.7,-5.96,0,1,9.784335981838819,0,80.22857142857143,0
STU_0845,struggling,2.55,55.3,6,6.5,3,1,27.2,14.09,39.7,-5.39,1,0,20.867924528301888,1,8.87142857142857,0
STU_0846,struggling,1.8,47.8,11,3.0,10,4,51.6,8.62,37.1,-3.51,1,0,25.157894736842103,0,23.085714285714285,0
STU_0847,consistent,5.56,65.1,35,1.4,18,13,81.0,36.18,68.7,6.6,0,1,11.501766784452297,0,59.92857142857143,1
STU_0848,struggling,2.12,54.6,2,7.8,11,1,48.2,11.61,33.3,-4.99,1,0,24.594594594594593,1,13.67142857142857,0
STU_0849,struggling,1.3,28.0,11,3.4,8,2,29.6,3.65,14.3,-8.34,1,0,19.999999999999996,0,18.942857142857143,0
STU_0850,overachiever,6.9,86.4,44,2.2,29,20,94.9,59.65,74.8,6.17,1,1,12.342857142857143,0,85.62857142857143,1
STU_0851,overachiever,6.55,93.8,47,0.8,28,27,91.0,61.46,83.1,3.83,1,1,14.105263157894738,0,94.52857142857142,1
STU_0852,overachiever,6.8,98.8,47,0.7,26,25,97.9,67.24,87.3,0.81,0,1,14.318840579710146,0,90.38571428571429,1
STU_0853,consistent,4.04,73.3,30,1.2,23,19,89.0,29.59,58.1,4.91,0,1,17.705314009661837,0,67.35714285714286,1
STU_0854,consistent,3.53,78.3,35,1.2,25,10,63.5,27.63,58.9,4.99,0,1,21.570247933884296,0,63.714285714285715,1
STU_0855,consistent,3.7,73.2,41,2.5,19,15,93.5,27.08,66.3,-2.92,0,1,19.263157894736842,0,67.87142857142857,0
STU_0856,consistent,4.14,82.0,43,1.6,23,14,75.7,33.92,62.5,0.24,0,1,19.339622641509436,0,72.4,1
STU_0857,struggling,0.95,41.5,12,3.3,7,0,41.4,3.95,27.8,-6.68,1,0,39.523809523809526,0,16.6,0
STU_0858,consistent,4.45,71.0,32,1.3,23,12,93.9,31.55,63.7,5.88,0,1,15.604395604395606,0,61.457142857142856,1
STU_0859,struggling,1.51,47.4,11,6.3,4,3,37.6,7.17,31.9,-4.8,1,0,29.440993788819874,1,16.014285714285712,0
STU_0860,overachiever,6.27,83.5,50,0.5,27,27,92.6,52.42,76.5,-0.08,1,1,13.108320251177396,0,95.92857142857143,0
STU_0861,consistent,3.22,75.8,48,0.6,20,10,73.6,24.42,61.6,4.48,0,1,22.831325301204817,0,69.11428571428571,1
STU_0862,struggling,1.41,37.5,16,7.3,12,1,33.5,5.3,32.7,-1.74,1,0,24.834437086092716,1,25.871428571428574,0
STU_0863,overachiever,6.93,79.3,50,0.3,27,25,88.6,54.92,85.0,2.07,0,1,11.28022759601707,0,93.78571428571429,1
STU_0864,consistent,4.22,90.9,40,2.8,20,6,84.7,38.34,71.5,0.52,0,1,21.04166666666667,0,58.42857142857143,1
STU_0865,overachiever,7.88,85.5,46,0.8,26,28,89.5,67.35,77.0,2.2,1,1,10.714285714285715,0,92.80000000000001,1
STU_0866,overachiever,5.68,86.8,48,1.2,30,26,93.8,49.29,77.2,0.79,0,1,15.017301038062286,0,96.25714285714285,1
STU_0867,struggling,0.72,36.8,14,5.8,10,1,32.5,2.66,24.3,-2.65,1,0,44.8780487804878,1,22.271428571428572,0
STU_0868,struggling,1.36,35.1,23,8.0,18,0,46.4,4.78,24.7,-7.57,1,0,24.041095890410958,1,36.400000000000006,0
STU_0869,consistent,4.3,80.7,33,3.4,24,13,74.9,34.69,67.5,3.13,0,1,18.340909090909093,0,64.32857142857142,1
STU_0870,consistent,4.26,69.3,44,1.5,21,14,91.3,29.53,66.7,3.12,0,1,15.894495412844039,0,71.2,1
STU_0871,struggling,1.37,44.0,33,3.9,6,3,23.7,6.04,24.3,-6.55,1,0,29.931972789115644,0,35.614285714285714,0
STU_0872,overachiever,6.88,88.7,44,1.5,27,22,100.0,61.01,80.2,-1.4,0,1,12.707736389684815,0,85.77142857142857,0
STU_0873,struggling,0.5,49.0,6,4.5,4,0,52.6,2.45,33.5,-0.55,1,0,81.66666666666667,0,8.8,0
STU_0874,overachiever,6.77,99.1,42,0.5,28,22,91.2,67.08,97.3,3.71,0,1,14.425036390101893,0,85.17142857142858,1
STU_0875,struggling,0.99,38.2,22,6.6,19,4,37.6,3.79,19.8,-9.08,1,0,35.04587155963303,1,40.885714285714286,0
STU_0876,struggling,1.18,44.9,23,3.2,7,2,47.3,5.32,29.6,-3.45,1,0,35.078125,0,27.542857142857144,0
STU_0877,consistent,4.47,61.6,41,2.0,15,9,76.4,27.52,59.3,3.35,0,1,13.479212253829324,0,57.44285714285714,1
STU_0878,consistent,3.95,60.9,39,3.2,21,5,75.1,24.04,57.0,5.79,0,1,15.037037037037038,0,57.557142857142864,1
STU_0879,consistent,3.89,60.3,38,2.6,21,12,78.7,23.44,55.8,7.08,0,1,15.112781954887216,0,64.25714285714285,1
STU_0880,struggling,1.79,55.7,19,2.2,10,1,50.7,9.99,41.0,-5.03,1,0,29.47089947089947,0,26.271428571428572,0
STU_0881,overachiever,6.17,87.2,50,0.4,30,29,87.0,53.85,73.7,-1.08,1,1,13.907496012759172,0,100.0,0
STU_0882,struggling,0.5,32.1,21,6.1,9,1,29.4,1.61,19.6,-3.51,1,0,53.50000000000001,1,26.871428571428574,0
STU_0883,struggling,1.84,36.4,35,4.7,6,2,32.2,6.69,31.4,-0.39,1,0,18.76288659793814,0,36.14285714285714,0
STU_0884,overachiever,6.53,75.5,49,1.9,30,28,86.4,49.34,67.9,-1.85,0,1,11.38763197586727,0,99.2,0
STU_0885,consistent,3.95,79.5,32,2.3,23,13,85.1,31.38,58.5,4.64,0,1,19.62962962962963,0,62.52857142857143,1
STU_0886,consistent,4.0,61.2,37,2.3,25,17,69.8,24.51,48.2,9.07,0,1,14.926829268292686,0,72.81428571428572,1
STU_0887,consistent,4.45,64.1,37,2.5,16,14,83.4,28.49,57.3,3.43,0,1,14.087912087912088,0,60.6,1
STU_0888,struggling,1.02,53.8,11,5.2,11,1,22.1,5.5,35.3,-1.68,1,0,48.03571428571428,1,20.871428571428574,0
STU_0889,consistent,2.69,61.9,42,1.8,27,10,81.8,16.63,55.1,5.08,0,1,22.18637992831541,0,71.31428571428572,1
STU_0890,struggling,0.5,37.5,12,7.4,10,3,39.8,1.88,26.8,-5.37,1,0,62.5,1,22.814285714285713,0
STU_0891,struggling,1.59,25.5,21,3.7,13,1,10.0,4.05,20.3,0.28,1,0,15.088757396449703,0,30.871428571428574,1
STU_0892,consistent,3.96,78.8,39,1.1,23,21,87.5,31.18,59.8,7.47,0,1,19.408866995073893,0,76.7,1
STU_0893,overachiever,5.23,90.8,46,1.5,26,26,86.9,47.48,72.1,1.6,1,1,17.035647279549718,0,90.65714285714286,1
STU_0894,consistent,4.0,72.8,44,1.7,24,10,75.4,29.14,57.5,-2.46,0,1,17.75609756097561,0,69.91428571428571,0
STU_0895,consistent,4.42,68.5,33,1.3,20,20,76.4,30.25,65.6,8.07,0,1,15.15486725663717,0,67.82857142857144,1
STU_0896,consistent,4.98,63.6,33,1.5,19,10,68.7,31.65,61.6,5.24,0,1,12.51968503937008,0,56.114285714285714,1
STU_0897,consistent,3.49,73.4,44,1.5,23,8,75.4,25.62,56.5,6.67,0,1,20.445682451253482,0,66.77142857142857,1
STU_0898,overachiever,6.82,91.1,43,1.9,29,29,90.0,62.1,82.1,2.96,0,1,13.164739884393063,0,94.47142857142858,1
STU_0899,struggling,1.09,41.6,18,6.5,9,1,32.3,4.55,27.6,-5.54,1,0,34.95798319327731,1,24.471428571428568,0
STU_0900,struggling,1.4,36.0,17,3.3,13,1,50.0,5.04,28.9,-4.41,1,0,24.0,0,27.67142857142857,0
STU_0901,overachiever,5.93,82.2,47,0.8,30,23,97.5,48.8,81.8,4.91,0,1,13.631840796019903,0,92.24285714285713,1
STU_0902,struggling,2.87,44.0,21,5.5,11,3,51.8,12.64,33.8,-4.69,1,0,14.814814814814813,1,31.014285714285716,0
STU_0903,overachiever,6.35,88.7,43,1.3,30,24,83.4,56.31,74.9,2.49,0,1,13.751937984496125,0,90.11428571428571,1
STU_0904,overachiever,5.94,82.1,48,0.8,28,25,92.3,48.72,79.3,-0.28,0,1,13.592715231788079,0,93.18571428571428,0
STU_0905,consistent,3.55,93.0,50,3.5,16,5,78.5,32.98,64.0,4.41,0,1,25.47945205479452,0,61.35714285714286,1
STU_0906,struggling,1.28,46.5,18,4.6,10,4,27.2,5.94,33.0,-5.9,1,0,33.69565217391304,0,28.685714285714283,0
STU_0907,consistent,4.55,72.7,49,2.4,21,12,76.1,33.06,58.8,2.26,0,1,15.63440860215054,0,73.05714285714285,1
STU_0908,struggling,1.25,55.3,10,7.2,13,0,48.4,6.89,35.2,-2.07,1,0,40.962962962962955,1,21.0,0
STU_0909,overachiever,5.55,85.3,45,0.3,26,29,87.1,47.28,74.7,6.93,0,1,15.097345132743364,0,93.07142857142857,1
STU_0910,struggling,0.5,31.5,18,6.0,8,1,26.9,1.58,20.5,-0.41,1,0,52.5,1,23.471428571428568,0
STU_0911,consistent,4.63,83.4,44,1.3,26,12,75.2,38.57,59.5,5.65,0,1,17.632135306553913,0,74.05714285714285,1
STU_0912,consistent,3.43,92.9,49,2.5,22,15,90.9,31.86,76.5,5.74,0,1,26.31728045325779,0,77.27142857142857,1
STU_0913,overachiever,6.47,80.1,49,0.8,28,23,88.5,51.82,76.5,-3.93,1,1,12.191780821917808,0,91.84285714285714,0
STU_0914,consistent,4.38,65.1,33,2.1,24,12,86.9,28.56,57.6,5.83,0,1,14.53125,0,63.25714285714286,1
STU_0915,overachiever,6.87,91.0,41,1.5,25,19,88.6,62.51,83.8,-2.69,0,1,13.055954088952655,0,78.15714285714286,0
STU_0916,struggling,1.6,42.9,22,7.7,9,1,18.6,6.85,29.4,-3.35,1,0,25.235294117647054,1,27.671428571428574,0
STU_0917,consistent,3.77,74.2,38,1.8,20,10,81.3,27.96,66.4,4.12,0,1,19.17312661498708,0,61.114285714285714,1
STU_0918,consistent,4.29,64.6,50,1.0,26,14,82.2,27.7,60.3,2.09,0,1,14.715261958997722,0,81.0,1
STU_0919,struggling,0.68,44.9,10,2.0,8,2,20.1,3.05,25.1,2.02,1,0,57.56410256410256,0,18.142857142857142,1
STU_0920,overachiever,6.18,83.9,50,1.3,26,20,81.5,51.86,71.9,1.69,1,1,13.35987261146497,0,87.42857142857143,1
STU_0921,overachiever,6.44,97.2,44,2.1,28,22,88.6,62.58,83.0,0.4,1,1,14.862385321100918,0,86.77142857142857,1
STU_0922,consistent,6.0,70.2,44,0.7,21,13,77.8,42.11,54.0,5.5,0,1,11.508196721311476,0,70.12857142857143,1
STU_0923,consistent,4.52,76.7,43,1.4,21,10,79.5,34.63,60.6,3.7,0,1,16.601731601731604,0,66.11428571428571,1
STU_0924,struggling,2.21,24.4,13,6.1,6,2,27.6,5.41,29.7,-7.51,1,0,10.562770562770561,1,18.542857142857144,0
STU_0925,struggling,1.62,39.0,2,5.1,9,0,46.8,6.31,33.1,-2.19,1,0,22.67441860465116,1,10.6,0
STU_0926,struggling,0.5,38.0,17,4.8,12,4,10.0,1.9,19.8,-7.09,1,0,63.333333333333336,0,29.885714285714286,0
STU_0927,struggling,2.37,51.6,12,6.3,5,2,59.0,12.22,51.8,-2.04,1,0,20.89068825910931,1,16.74285714285714,0
STU_0928,overachiever,6.0,100.0,43,0.7,30,20,93.2,59.97,81.3,6.36,1,1,16.393442622950822,0,85.82857142857142,1
STU_0929,overachiever,6.73,89.5,48,1.2,30,30,92.0,60.26,73.6,5.28,0,1,13.103953147877013,0,100.0,1
STU_0930,consistent,4.54,73.9,28,1.2,15,16,87.2,33.51,67.7,8.95,0,1,15.926724137931037,0,54.542857142857144,1
STU_0931,struggling,2.37,24.7,18,7.6,6,0,23.0,5.86,28.4,-3.15,1,0,9.999999999999998,1,20.4,0
STU_0932,consistent,4.93,73.2,30,2.7,20,10,93.5,36.06,70.3,9.87,0,1,14.55268389662028,0,54.714285714285715,1
STU_0933,struggling,1.51,20.7,12,5.2,12,0,25.3,3.14,19.5,-4.68,1,0,12.857142857142856,1,21.6,0
STU_0934,overachiever,6.15,87.8,47,1.6,27,27,95.0,53.99,80.7,2.79,0,1,14.048,0,93.52857142857142,1
STU_0935,struggling,0.97,46.9,15,5.6,14,2,36.6,4.53,29.6,-0.87,1,0,43.83177570093458,1,28.142857142857142,0
STU_0936,overachiever,6.93,100.0,45,0.9,25,19,87.7,69.32,76.0,2.31,0,1,14.224751066856332,0,81.35714285714286,1
STU_0937,struggling,2.94,29.8,12,6.9,10,1,40.2,8.74,37.6,-7.22,1,0,9.802631578947368,1,20.67142857142857,0
STU_0938,struggling,1.51,44.6,13,6.1,7,1,36.2,6.74,35.2,-5.96,1,0,27.701863354037265,1,18.47142857142857,0
STU_0939,consistent,3.95,77.2,49,3.2,22,8,86.7,30.47,72.4,4.26,0,1,19.06172839506173,0,69.77142857142857,1
STU_0940,struggling,1.6,46.0,19,6.6,7,4,25.7,7.34,29.2,-3.4,1,0,27.05882352941176,1,26.485714285714284,0
STU_0941,struggling,0.62,35.1,6,4.3,8,0,33.1,2.17,22.2,-6.88,1,0,48.75000000000001,0,12.8,0
STU_0942,overachiever,7.21,97.8,49,1.1,24,23,92.7,70.51,82.2,-4.17,1,1,13.378932968536253,0,87.84285714285714,0
STU_0943,struggling,1.25,41.5,15,3.9,5,0,37.9,5.17,32.4,-7.05,1,0,30.74074074074074,0,17.0,0
STU_0944,struggling,2.74,27.9,8,2.8,10,4,36.0,7.63,33.2,-6.37,1,0,9.82394366197183,0,20.685714285714287,0
STU_0945,consistent,3.86,73.5,50,2.8,22,10,72.6,28.4,58.7,1.31,0,1,18.560606060606062,0,72.71428571428572,1
STU_0946,struggling,1.72,62.9,2,3.2,12,3,29.7,10.84,42.1,-9.08,1,0,34.56043956043956,0,16.814285714285713,0
STU_0947,struggling,1.46,39.1,24,5.0,14,2,29.9,5.69,23.7,-0.54,1,0,25.064102564102566,1,35.34285714285714,0
STU_0948,overachiever,5.0,88.8,50,1.4,30,24,92.1,44.4,77.5,2.04,1,1,17.411764705882355,0,95.71428571428571,1
STU_0949,struggling,1.2,34.5,2,4.4,11,0,46.4,4.13,18.4,-4.43,1,0,26.538461538461537,0,12.6,0
STU_0950,consistent,5.29,68.4,38,1.6,20,13,79.3,36.21,65.4,7.32,0,1,12.690166975881263,0,64.32857142857142,1
STU_0951,overachiever,7.34,94.6,43,1.8,25,30,93.5,69.48,85.3,-1.8,0,1,12.71505376344086,0,91.54285714285714,0
STU_0952,consistent,3.64,72.4,38,1.9,19,16,84.7,26.39,54.4,6.85,0,1,19.358288770053477,0,66.54285714285714,1
STU_0953,overachiever,6.1,81.3,48,0.6,30,30,87.0,49.63,76.3,3.23,0,1,13.112903225806452,0,100.0,1
STU_0954,consistent,2.93,81.1,43,2.1,24,8,78.1,23.77,55.9,1.98,0,1,26.76567656765676,0,66.97142857142856,1
STU_0955,struggling,0.9,55.6,15,3.6,4,2,37.2,4.99,38.8,-2.01,1,0,55.6,0,18.142857142857142,0
STU_0956,overachiever,6.52,93.3,45,0.3,25,20,94.5,60.84,82.3,5.02,0,1,14.093655589123868,0,82.42857142857143,1
STU_0957,struggling,0.71,55.3,2,8.0,10,0,30.1,3.93,30.7,-3.31,1,0,68.27160493827161,1,11.6,0
STU_0958,consistent,4.08,55.3,38,2.8,23,8,85.1,22.58,47.5,8.13,0,1,13.229665071770334,0,61.97142857142857,1
STU_0959,consistent,4.88,63.3,29,3.5,22,12,68.8,30.87,44.5,4.2,0,1,12.710843373493976,0,58.05714285714286,1
STU_0960,overachiever,5.67,81.9,42,0.6,25,19,84.6,46.44,74.3,1.69,1,1,14.19410745233969,0,78.95714285714286,1
STU_0961,overachiever,5.88,100.0,49,1.3,28,23,92.4,58.75,82.6,0.56,0,1,16.722408026755854,0,91.84285714285714,1
STU_0962,struggling,2.12,21.0,18,3.3,7,2,21.3,4.46,14.7,-5.85,1,0,9.459459459459458,0,23.54285714285714,0
STU_0963,consistent,3.61,52.8,34,1.0,22,13,86.6,19.07,51.0,4.16,0,1,14.231805929919137,0,63.12857142857143,1
STU_0964,consistent,3.35,74.2,43,1.6,23,9,86.1,24.9,66.0,2.78,0,1,21.507246376811594,0,67.04285714285714,1
STU_0965,consistent,4.15,56.5,42,1.9,19,11,89.1,23.41,62.6,9.15,0,1,13.294117647058824,0,64.38571428571429,1
STU_0966,overachiever,5.87,93.2,46,1.6,28,26,98.1,54.67,77.3,5.59,1,1,15.61139028475712,0,92.65714285714286,1
STU_0967,consistent,3.61,63.9,44,3.0,29,10,87.3,23.08,60.5,1.46,0,1,17.223719676549866,0,74.91428571428571,1
STU_0968,struggling,0.94,25.7,11,5.0,7,3,38.3,2.43,20.7,-6.36,1,0,24.71153846153846,1,19.014285714285712,0
STU_0969,overachiever,6.51,89.7,43,1.6,27,21,97.6,58.43,77.7,-0.55,0,1,13.57034795763994,0,83.9,0
STU_0970,overachiever,6.31,82.6,44,1.6,28,24,87.0,52.11,79.4,4.85,1,1,12.886115444617785,0,88.91428571428571,1
STU_0971,struggling,0.5,65.0,13,5.3,3,1,27.7,3.25,31.7,-3.45,1,0,108.33333333333334,1,14.471428571428572,0
STU_0972,overachiever,6.08,93.6,44,1.2,29,17,91.1,56.89,75.7,-0.07,1,1,15.145631067961165,0,82.41428571428571,0
STU_0973,overachiever,6.09,94.1,50,1.2,25,29,95.4,57.32,91.8,1.14,1,1,15.201938610662358,0,96.07142857142857,1
STU_0974,struggling,1.11,47.4,11,6.9,7,2,42.1,5.25,27.3,-4.55,1,0,39.173553719008254,1,17.942857142857143,0
STU_0975,struggling,0.5,55.0,3,4.4,9,1,42.3,2.75,32.8,3.56,1,0,91.66666666666667,0,12.471428571428572,1
STU_0976,overachiever,6.35,74.2,47,1.2,26,22,95.2,47.05,66.7,1.65,1,1,11.503875968992249,0,87.17142857142856,1
STU_0977,struggling,0.5,44.0,10,4.2,3,4,23.2,2.2,19.3,-5.24,1,0,73.33333333333334,0,15.285714285714285,0
STU_0978,struggling,1.27,48.8,14,3.3,11,1,29.3,6.2,30.2,-4.06,1,0,35.62043795620438,0,23.271428571428572,0
STU_0979,consistent,4.26,86.0,26,1.1,21,11,75.4,36.64,65.9,6.22,0,1,19.724770642201836,0,53.58571428571429,1
STU_0980,struggling,1.82,47.6,32,3.6,17,5,36.6,8.66,31.8,2.03,1,0,24.791666666666664,0,47.957142857142856,1
STU_0981,struggling,2.12,56.2,30,5.3,8,2,16.1,11.88,34.5,-7.74,1,0,25.315315315315313,1,34.14285714285714,0
STU_0982,consistent,4.5,60.7,38,3.6,25,14,78.8,27.31,56.5,4.53,0,1,13.195652173913045,0,70.4,1
STU_0983,consistent,3.79,70.0,40,2.4,21,5,86.8,26.56,58.1,5.13,0,1,17.994858611825194,0,58.35714285714286,1
STU_0984,overachiever,6.73,79.2,46,1.9,25,20,94.1,53.28,73.7,2.29,0,1,11.595900439238653,0,83.22857142857143,1
STU_0985,struggling,0.5,39.0,16,3.6,15,2,30.3,1.95,21.2,-4.56,1,0,65.0,0,29.942857142857143,0
STU_0986,consistent,5.15,77.8,36,1.8,21,9,93.2,40.08,66.9,3.35,0,1,14.819047619047618,0,59.44285714285714,1
STU_0987,consistent,4.2,74.0,44,2.7,23,10,77.1,31.06,65.0,5.7,0,1,17.209302325581397,0,68.91428571428571,1
STU_0988,struggling,1.3,32.4,8,6.0,8,0,32.5,4.22,20.8,-3.04,1,0,23.14285714285714,1,14.4,0
STU_0989,consistent,3.64,79.6,38,2.0,21,8,74.5,28.94,61.2,9.37,0,1,21.283422459893046,0,59.97142857142857,1
STU_0990,consistent,5.04,77.8,44,2.5,16,14,91.4,39.21,74.5,0.98,0,1,15.136186770428015,0,66.2,1
STU_0991,consistent,4.58,65.4,41,1.7,24,14,71.4,29.94,52.0,6.44,0,1,13.974358974358976,0,71.8,1
STU_0992,overachiever,6.57,91.3,46,1.5,28,17,90.3,59.96,77.4,2.66,0,1,13.68815592203898,0,83.01428571428572,1
STU_0993,consistent,3.26,69.7,30,2.4,16,8,79.3,22.7,58.5,3.37,0,1,20.74404761904762,0,48.57142857142857,1
STU_0994,overachiever,7.74,76.7,46,0.4,26,25,80.1,59.39,73.7,6.88,1,1,9.783163265306124,0,89.58571428571429,1
STU_0995,overachiever,6.39,96.9,45,1.4,28,22,83.0,61.88,75.0,0.78,0,1,14.930662557781204,0,87.57142857142857,1
STU_0996,struggling,1.67,40.5,12,4.2,14,0,35.8,6.78,26.0,-7.15,1,0,22.88135593220339,0,23.6,0
STU_0997,overachiever,7.23,96.5,45,1.6,30,21,88.2,69.79,90.3,1.28,1,1,13.165075034106412,0,88.5,1
STU_0998,consistent,2.28,77.2,42,2.1,18,9,60.0,17.59,53.5,5.87,0,1,32.43697478991597,0,61.24285714285715,1
STU_0999,struggling,2.27,49.1,11,6.2,12,3,36.1,11.12,44.1,-5.06,1,0,20.71729957805907,1,24.014285714285712,0
STU_1000,overachiever,7.37,90.7,39,1.3,29,27,90.0,66.84,84.7,4.3,1,1,12.14190093708166,0,89.12857142857143,1
